,datetime,y,client,close,price_am,price_pm,year,month,day,Weekday,holidays
0,2010-07-01,17,0,0,-1,-1,2010,7,1,Thursday,0
1,2010-07-02,18,0,0,-1,-1,2010,7,2,Friday,0
2,2010-07-03,20,0,0,-1,-1,2010,7,3,Saturday,0
3,2010-07-04,20,0,0,-1,-1,2010,7,4,Sunday,0
4,2010-07-05,14,0,0,-1,-1,2010,7,5,Monday,0
5,2010-07-06,14,0,0,-1,-1,2010,7,6,Tuesday,0
6,2010-07-07,4,0,0,-1,-1,2010,7,7,Wednesday,0
7,2010-07-08,10,0,0,-1,-1,2010,7,8,Thursday,0
8,2010-07-09,12,0,0,-1,-1,2010,7,9,Friday,0
9,2010-07-10,21,0,0,-1,-1,2010,7,10,Saturday,0
10,2010-07-11,15,0,0,-1,-1,2010,7,11,Sunday,0
11,2010-07-12,11,0,0,-1,-1,2010,7,12,Monday,0
12,2010-07-13,8,0,0,-1,-1,2010,7,13,Tuesday,0
13,2010-07-14,13,0,0,-1,-1,2010,7,14,Wednesday,0
14,2010-07-15,8,0,0,-1,-1,2010,7,15,Thursday,0
15,2010-07-16,16,0,0,-1,-1,2010,7,16,Friday,0
16,2010-07-17,23,0,0,-1,-1,2010,7,17,Saturday,0
17,2010-07-18,25,0,0,-1,-1,2010,7,18,Sunday,0
18,2010-07-19,18,0,0,-1,-1,2010,7,19,Monday,1
19,2010-07-20,21,0,0,-1,-1,2010,7,20,Tuesday,0
20,2010-07-21,9,0,0,-1,-1,2010,7,21,Wednesday,0
21,2010-07-22,8,0,0,-1,-1,2010,7,22,Thursday,0
22,2010-07-23,12,0,0,-1,-1,2010,7,23,Friday,0
23,2010-07-24,23,0,0,-1,-1,2010,7,24,Saturday,0
24,2010-07-25,18,0,0,-1,-1,2010,7,25,Sunday,0
25,2010-07-26,18,0,0,-1,-1,2010,7,26,Monday,0
26,2010-07-27,14,0,0,-1,-1,2010,7,27,Tuesday,0
27,2010-07-28,18,0,0,-1,-1,2010,7,28,Wednesday,0
28,2010-07-29,19,0,0,-1,-1,2010,7,29,Thursday,0
29,2010-07-30,15,0,0,-1,-1,2010,7,30,Friday,0
30,2010-07-31,18,0,0,-1,-1,2010,7,31,Saturday,0
31,2010-08-01,20,0,0,-1,-1,2010,8,1,Sunday,0
32,2010-08-02,17,0,0,-1,-1,2010,8,2,Monday,0
33,2010-08-03,15,0,0,-1,-1,2010,8,3,Tuesday,0
34,2010-08-04,14,0,0,-1,-1,2010,8,4,Wednesday,0
35,2010-08-05,15,0,0,-1,-1,2010,8,5,Thursday,0
36,2010-08-06,17,0,0,-1,-1,2010,8,6,Friday,0
37,2010-08-07,18,0,0,-1,-1,2010,8,7,Saturday,0
38,2010-08-08,20,0,0,-1,-1,2010,8,8,Sunday,0
39,2010-08-09,11,0,0,-1,-1,2010,8,9,Monday,0
40,2010-08-10,13,0,0,-1,-1,2010,8,10,Tuesday,0
41,2010-08-11,15,0,0,-1,-1,2010,8,11,Wednesday,0
42,2010-08-12,15,0,0,-1,-1,2010,8,12,Thursday,0
43,2010-08-13,15,0,0,-1,-1,2010,8,13,Friday,0
44,2010-08-14,18,0,0,-1,-1,2010,8,14,Saturday,0
45,2010-08-15,12,0,0,-1,-1,2010,8,15,Sunday,0
46,2010-08-16,18,0,0,-1,-1,2010,8,16,Monday,0
47,2010-08-17,15,0,0,-1,-1,2010,8,17,Tuesday,0
48,2010-08-18,0,0,0,-1,-1,2010,8,18,Wednesday,0
49,2010-08-19,17,0,0,-1,-1,2010,8,19,Thursday,0
50,2010-08-20,15,0,0,-1,-1,2010,8,20,Friday,0
51,2010-08-21,19,0,0,-1,-1,2010,8,21,Saturday,0
52,2010-08-22,18,0,0,-1,-1,2010,8,22,Sunday,0
53,2010-08-23,19,0,0,-1,-1,2010,8,23,Monday,0
54,2010-08-24,11,0,0,-1,-1,2010,8,24,Tuesday,0
55,2010-08-25,13,0,0,-1,-1,2010,8,25,Wednesday,0
56,2010-08-26,20,0,0,-1,-1,2010,8,26,Thursday,0
57,2010-08-27,20,0,0,-1,-1,2010,8,27,Friday,0
58,2010-08-28,27,0,0,-1,-1,2010,8,28,Saturday,0
59,2010-08-29,23,0,0,-1,-1,2010,8,29,Sunday,0
60,2010-08-30,24,0,0,-1,-1,2010,8,30,Monday,0
61,2010-08-31,18,0,0,-1,-1,2010,8,31,Tuesday,0
62,2010-09-01,19,0,0,-1,-1,2010,9,1,Wednesday,0
63,2010-09-02,16,0,0,-1,-1,2010,9,2,Thursday,0
64,2010-09-03,13,0,0,-1,-1,2010,9,3,Friday,0
65,2010-09-04,15,0,0,-1,-1,2010,9,4,Saturday,0
66,2010-09-05,21,0,0,-1,-1,2010,9,5,Sunday,0
67,2010-09-06,11,0,0,-1,-1,2010,9,6,Monday,0
68,2010-09-07,19,0,0,-1,-1,2010,9,7,Tuesday,0
69,2010-09-08,9,0,0,-1,-1,2010,9,8,Wednesday,0
70,2010-09-09,4,0,0,-1,-1,2010,9,9,Thursday,0
71,2010-09-10,9,0,0,-1,-1,2010,9,10,Friday,0
72,2010-09-11,13,0,0,-1,-1,2010,9,11,Saturday,0
73,2010-09-12,12,0,0,-1,-1,2010,9,12,Sunday,0
74,2010-09-13,11,0,0,-1,-1,2010,9,13,Monday,0
75,2010-09-14,10,0,0,-1,-1,2010,9,14,Tuesday,0
76,2010-09-15,14,0,0,-1,-1,2010,9,15,Wednesday,0
77,2010-09-16,7,0,0,-1,-1,2010,9,16,Thursday,0
78,2010-09-17,19,0,0,-1,-1,2010,9,17,Friday,0
79,2010-09-18,19,0,0,-1,-1,2010,9,18,Saturday,0
80,2010-09-19,13,0,0,-1,-1,2010,9,19,Sunday,0
81,2010-09-20,16,0,0,-1,-1,2010,9,20,Monday,1
82,2010-09-21,18,0,0,-1,-1,2010,9,21,Tuesday,0
83,2010-09-22,12,0,0,-1,-1,2010,9,22,Wednesday,0
84,2010-09-23,32,0,0,-1,-1,2010,9,23,Thursday,1
85,2010-09-24,30,0,0,-1,-1,2010,9,24,Friday,0
86,2010-09-25,24,0,0,-1,-1,2010,9,25,Saturday,0
87,2010-09-26,26,0,0,-1,-1,2010,9,26,Sunday,0
88,2010-09-27,17,0,0,-1,-1,2010,9,27,Monday,0
89,2010-09-28,23,0,0,-1,-1,2010,9,28,Tuesday,0
90,2010-09-29,15,0,0,-1,-1,2010,9,29,Wednesday,0
91,2010-09-30,27,0,0,-1,-1,2010,9,30,Thursday,0
92,2010-10-01,24,0,0,-1,-1,2010,10,1,Friday,0
93,2010-10-02,18,0,0,-1,-1,2010,10,2,Saturday,0
94,2010-10-03,16,0,0,-1,-1,2010,10,3,Sunday,0
95,2010-10-04,10,0,0,-1,-1,2010,10,4,Monday,0
96,2010-10-05,13,0,0,-1,-1,2010,10,5,Tuesday,0
97,2010-10-06,3,0,0,-1,-1,2010,10,6,Wednesday,0
98,2010-10-07,7,0,0,-1,-1,2010,10,7,Thursday,0
99,2010-10-08,11,0,0,-1,-1,2010,10,8,Friday,0
100,2010-10-09,17,0,0,-1,-1,2010,10,9,Saturday,0
101,2010-10-10,18,0,0,-1,-1,2010,10,10,Sunday,0
102,2010-10-11,7,0,0,-1,-1,2010,10,11,Monday,1
103,2010-10-12,8,0,0,-1,-1,2010,10,12,Tuesday,0
104,2010-10-13,8,0,0,-1,-1,2010,10,13,Wednesday,0
105,2010-10-14,13,0,0,-1,-1,2010,10,14,Thursday,0
106,2010-10-15,9,0,0,-1,-1,2010,10,15,Friday,0
107,2010-10-16,17,0,0,-1,-1,2010,10,16,Saturday,0
108,2010-10-17,12,0,0,-1,-1,2010,10,17,Sunday,0
109,2010-10-18,11,0,0,-1,-1,2010,10,18,Monday,0
110,2010-10-19,6,0,0,-1,-1,2010,10,19,Tuesday,0
111,2010-10-20,12,0,0,-1,-1,2010,10,20,Wednesday,0
112,2010-10-21,3,0,0,-1,-1,2010,10,21,Thursday,0
113,2010-10-22,7,0,0,-1,-1,2010,10,22,Friday,0
114,2010-10-23,21,0,0,-1,-1,2010,10,23,Saturday,0
115,2010-10-24,20,0,0,-1,-1,2010,10,24,Sunday,0
116,2010-10-25,13,0,0,-1,-1,2010,10,25,Monday,0
117,2010-10-26,12,0,0,-1,-1,2010,10,26,Tuesday,0
118,2010-10-27,13,0,0,-1,-1,2010,10,27,Wednesday,0
119,2010-10-28,18,0,0,-1,-1,2010,10,28,Thursday,0
120,2010-10-29,26,0,0,-1,-1,2010,10,29,Friday,0
121,2010-10-30,29,0,0,-1,-1,2010,10,30,Saturday,0
122,2010-10-31,23,0,0,-1,-1,2010,10,31,Sunday,0
123,2010-11-01,16,0,0,-1,-1,2010,11,1,Monday,0
124,2010-11-02,12,0,0,-1,-1,2010,11,2,Tuesday,0
125,2010-11-03,15,0,0,-1,-1,2010,11,3,Wednesday,1
126,2010-11-04,11,0,0,-1,-1,2010,11,4,Thursday,0
127,2010-11-05,13,0,0,-1,-1,2010,11,5,Friday,0
128,2010-11-06,17,0,0,-1,-1,2010,11,6,Saturday,0
129,2010-11-07,13,0,0,-1,-1,2010,11,7,Sunday,0
130,2010-11-08,8,0,0,-1,-1,2010,11,8,Monday,0
131,2010-11-09,7,0,0,-1,-1,2010,11,9,Tuesday,0
132,2010-11-10,11,0,0,-1,-1,2010,11,10,Wednesday,0
133,2010-11-11,11,0,0,-1,-1,2010,11,11,Thursday,0
134,2010-11-12,15,0,0,-1,-1,2010,11,12,Friday,0
135,2010-11-13,16,0,0,-1,-1,2010,11,13,Saturday,0
136,2010-11-14,19,0,0,-1,-1,2010,11,14,Sunday,0
137,2010-11-15,21,0,0,-1,-1,2010,11,15,Monday,0
138,2010-11-16,14,0,0,-1,-1,2010,11,16,Tuesday,0
139,2010-11-17,11,0,0,-1,-1,2010,11,17,Wednesday,0
140,2010-11-18,9,0,0,-1,-1,2010,11,18,Thursday,0
141,2010-11-19,25,0,0,-1,-1,2010,11,19,Friday,0
142,2010-11-20,24,0,0,-1,-1,2010,11,20,Saturday,0
143,2010-11-21,22,0,0,-1,-1,2010,11,21,Sunday,0
144,2010-11-22,22,0,0,-1,-1,2010,11,22,Monday,0
145,2010-11-23,16,0,0,-1,-1,2010,11,23,Tuesday,1
146,2010-11-24,14,0,0,-1,-1,2010,11,24,Wednesday,0
147,2010-11-25,18,0,0,-1,-1,2010,11,25,Thursday,0
148,2010-11-26,22,0,0,-1,-1,2010,11,26,Friday,0
149,2010-11-27,26,0,0,-1,-1,2010,11,27,Saturday,0
150,2010-11-28,22,0,0,-1,-1,2010,11,28,Sunday,0
151,2010-11-29,22,0,0,-1,-1,2010,11,29,Monday,0
152,2010-11-30,21,0,0,-1,-1,2010,11,30,Tuesday,0
153,2010-12-01,23,0,0,-1,-1,2010,12,1,Wednesday,0
154,2010-12-02,14,0,0,-1,-1,2010,12,2,Thursday,0
155,2010-12-03,18,0,0,-1,-1,2010,12,3,Friday,0
156,2010-12-04,27,0,0,-1,-1,2010,12,4,Saturday,0
157,2010-12-05,16,0,0,-1,-1,2010,12,5,Sunday,0
158,2010-12-06,17,0,0,-1,-1,2010,12,6,Monday,0
159,2010-12-07,12,0,0,-1,-1,2010,12,7,Tuesday,0
160,2010-12-08,13,0,0,-1,-1,2010,12,8,Wednesday,0
161,2010-12-09,12,0,0,-1,-1,2010,12,9,Thursday,0
162,2010-12-10,19,0,0,-1,-1,2010,12,10,Friday,0
163,2010-12-11,14,0,0,-1,-1,2010,12,11,Saturday,0
164,2010-12-12,23,0,0,-1,-1,2010,12,12,Sunday,0
165,2010-12-13,16,0,0,-1,-1,2010,12,13,Monday,0
166,2010-12-14,13,0,0,-1,-1,2010,12,14,Tuesday,0
167,2010-12-15,21,0,0,-1,-1,2010,12,15,Wednesday,0
168,2010-12-16,17,0,0,-1,-1,2010,12,16,Thursday,0
169,2010-12-17,21,0,0,-1,-1,2010,12,17,Friday,0
170,2010-12-18,23,0,0,-1,-1,2010,12,18,Saturday,0
171,2010-12-19,27,0,0,-1,-1,2010,12,19,Sunday,0
172,2010-12-20,23,0,0,-1,-1,2010,12,20,Monday,0
173,2010-12-21,22,0,0,-1,-1,2010,12,21,Tuesday,0
174,2010-12-22,21,0,0,-1,-1,2010,12,22,Wednesday,0
175,2010-12-23,18,0,0,-1,-1,2010,12,23,Thursday,1
176,2010-12-24,29,0,0,-1,-1,2010,12,24,Friday,0
177,2010-12-25,28,0,0,-1,-1,2010,12,25,Saturday,0
178,2010-12-26,26,0,0,-1,-1,2010,12,26,Sunday,0
179,2010-12-27,26,0,0,-1,-1,2010,12,27,Monday,0
180,2010-12-28,18,0,0,-1,-1,2010,12,28,Tuesday,0
181,2010-12-29,23,0,0,-1,-1,2010,12,29,Wednesday,0
182,2010-12-30,15,0,0,-1,-1,2010,12,30,Thursday,0
183,2010-12-31,0,0,1,-1,-1,2010,12,31,Friday,0
184,2011-01-01,0,0,1,-1,-1,2011,1,1,Saturday,1
185,2011-01-02,0,0,1,-1,-1,2011,1,2,Sunday,0
186,2011-01-03,0,0,1,-1,-1,2011,1,3,Monday,0
187,2011-01-04,16,0,0,0,0,2011,1,4,Tuesday,0
188,2011-01-05,16,0,0,0,0,2011,1,5,Wednesday,0
189,2011-01-06,13,0,0,0,0,2011,1,6,Thursday,0
190,2011-01-07,14,0,0,0,0,2011,1,7,Friday,0
191,2011-01-08,16,0,0,0,0,2011,1,8,Saturday,0
192,2011-01-09,16,0,0,0,0,2011,1,9,Sunday,0
193,2011-01-10,14,0,0,0,0,2011,1,10,Monday,1
194,2011-01-11,13,0,0,0,0,2011,1,11,Tuesday,0
195,2011-01-12,5,0,0,0,0,2011,1,12,Wednesday,0
196,2011-01-13,9,0,0,0,0,2011,1,13,Thursday,0
197,2011-01-14,14,0,0,0,0,2011,1,14,Friday,0
198,2011-01-15,19,0,0,0,0,2011,1,15,Saturday,0
199,2011-01-16,22,0,0,0,0,2011,1,16,Sunday,0
200,2011-01-17,12,0,0,0,0,2011,1,17,Monday,0
201,2011-01-18,11,0,0,0,0,2011,1,18,Tuesday,0
202,2011-01-19,6,0,0,0,0,2011,1,19,Wednesday,0
203,2011-01-20,7,0,0,0,0,2011,1,20,Thursday,0
204,2011-01-21,14,0,0,0,0,2011,1,21,Friday,0
205,2011-01-22,17,0,0,1,0,2011,1,22,Saturday,0
206,2011-01-23,18,0,0,0,0,2011,1,23,Sunday,0
207,2011-01-24,12,0,0,0,0,2011,1,24,Monday,0
208,2011-01-25,15,0,0,0,0,2011,1,25,Tuesday,0
209,2011-01-26,13,0,0,0,0,2011,1,26,Wednesday,0
210,2011-01-27,18,0,0,1,1,2011,1,27,Thursday,0
211,2011-01-28,16,0,0,1,1,2011,1,28,Friday,0
212,2011-01-29,23,0,0,2,1,2011,1,29,Saturday,0
213,2011-01-30,28,0,0,2,1,2011,1,30,Sunday,0
214,2011-01-31,23,0,0,1,0,2011,1,31,Monday,0
215,2011-02-01,22,0,0,1,1,2011,2,1,Tuesday,0
216,2011-02-02,14,0,0,1,1,2011,2,2,Wednesday,0
217,2011-02-03,12,0,0,0,0,2011,2,3,Thursday,0
218,2011-02-04,16,0,0,0,0,2011,2,4,Friday,0
219,2011-02-05,24,0,0,1,1,2011,2,5,Saturday,0
220,2011-02-06,17,0,0,1,1,2011,2,6,Sunday,0
221,2011-02-07,15,0,0,0,0,2011,2,7,Monday,0
222,2011-02-08,7,0,0,0,0,2011,2,8,Tuesday,0
223,2011-02-09,9,0,0,0,0,2011,2,9,Wednesday,0
224,2011-02-10,21,0,0,0,0,2011,2,10,Thursday,0
225,2011-02-11,29,0,0,2,1,2011,2,11,Friday,1
226,2011-02-12,21,0,0,2,1,2011,2,12,Saturday,0
227,2011-02-13,25,0,0,1,1,2011,2,13,Sunday,0
228,2011-02-14,8,0,0,0,0,2011,2,14,Monday,0
229,2011-02-15,13,0,0,0,0,2011,2,15,Tuesday,0
230,2011-02-16,10,0,0,0,0,2011,2,16,Wednesday,0
231,2011-02-17,17,0,0,0,0,2011,2,17,Thursday,0
232,2011-02-18,22,0,0,1,0,2011,2,18,Friday,0
233,2011-02-19,25,0,0,2,2,2011,2,19,Saturday,0
234,2011-02-20,24,0,0,2,1,2011,2,20,Sunday,0
235,2011-02-21,26,0,0,0,0,2011,2,21,Monday,0
236,2011-02-22,15,0,0,1,0,2011,2,22,Tuesday,0
237,2011-02-23,21,0,0,1,0,2011,2,23,Wednesday,0
238,2011-02-24,23,0,0,1,1,2011,2,24,Thursday,0
239,2011-02-25,29,0,0,2,1,2011,2,25,Friday,0
240,2011-02-26,32,0,0,3,2,2011,2,26,Saturday,0
241,2011-02-27,33,0,0,2,2,2011,2,27,Sunday,0
242,2011-02-28,30,0,0,2,1,2011,2,28,Monday,0
243,2011-03-01,28,0,0,1,1,2011,3,1,Tuesday,0
244,2011-03-02,21,0,0,0,0,2011,3,2,Wednesday,0
245,2011-03-03,20,0,0,0,0,2011,3,3,Thursday,0
246,2011-03-04,12,0,0,1,1,2011,3,4,Friday,0
247,2011-03-05,27,0,0,2,1,2011,3,5,Saturday,0
248,2011-03-06,21,0,0,1,1,2011,3,6,Sunday,0
249,2011-03-07,22,0,0,0,0,2011,3,7,Monday,0
250,2011-03-08,21,0,0,0,0,2011,3,8,Tuesday,0
251,2011-03-09,15,0,0,0,0,2011,3,9,Wednesday,0
252,2011-03-10,21,0,0,0,0,2011,3,10,Thursday,0
253,2011-03-11,17,0,0,0,0,2011,3,11,Friday,0
254,2011-03-12,25,0,0,2,2,2011,3,12,Saturday,0
255,2011-03-13,17,0,0,2,1,2011,3,13,Sunday,0
256,2011-03-14,27,0,0,1,1,2011,3,14,Monday,0
257,2011-03-15,31,0,0,1,1,2011,3,15,Tuesday,0
258,2011-03-16,34,0,0,2,2,2011,3,16,Wednesday,0
259,2011-03-17,34,0,0,2,2,2011,3,17,Thursday,0
260,2011-03-18,42,0,0,2,2,2011,3,18,Friday,0
261,2011-03-19,40,0,0,3,3,2011,3,19,Saturday,0
262,2011-03-20,41,0,0,5,3,2011,3,20,Sunday,0
263,2011-03-21,39,0,0,3,2,2011,3,21,Monday,1
264,2011-03-22,39,0,0,3,3,2011,3,22,Tuesday,0
265,2011-03-23,37,0,0,5,4,2011,3,23,Wednesday,0
266,2011-03-24,36,0,0,5,3,2011,3,24,Thursday,0
267,2011-03-25,35,0,0,4,5,2011,3,25,Friday,0
268,2011-03-26,40,0,0,5,5,2011,3,26,Saturday,0
269,2011-03-27,35,0,0,5,4,2011,3,27,Sunday,0
270,2011-03-28,49,0,0,3,2,2011,3,28,Monday,0
271,2011-03-29,37,0,0,3,2,2011,3,29,Tuesday,0
272,2011-03-30,38,0,0,4,3,2011,3,30,Wednesday,0
273,2011-03-31,34,0,0,4,4,2011,3,31,Thursday,0
274,2011-04-01,48,0,0,4,2,2011,4,1,Friday,0
275,2011-04-02,29,0,0,5,4,2011,4,2,Saturday,0
276,2011-04-03,28,0,0,3,3,2011,4,3,Sunday,0
277,2011-04-04,23,0,0,2,1,2011,4,4,Monday,0
278,2011-04-05,25,0,0,1,1,2011,4,5,Tuesday,0
279,2011-04-06,31,0,0,0,0,2011,4,6,Wednesday,0
280,2011-04-07,28,0,0,0,0,2011,4,7,Thursday,0
281,2011-04-08,37,0,0,0,0,2011,4,8,Friday,0
282,2011-04-09,39,0,0,3,2,2011,4,9,Saturday,0
283,2011-04-10,29,0,0,2,1,2011,4,10,Sunday,0
284,2011-04-11,14,0,0,0,0,2011,4,11,Monday,0
285,2011-04-12,13,0,0,0,0,2011,4,12,Tuesday,0
286,2011-04-13,10,0,0,0,0,2011,4,13,Wednesday,0
287,2011-04-14,16,0,0,0,0,2011,4,14,Thursday,0
288,2011-04-15,32,0,0,0,0,2011,4,15,Friday,0
289,2011-04-16,25,0,0,2,2,2011,4,16,Saturday,0
290,2011-04-17,24,0,0,2,1,2011,4,17,Sunday,0
291,2011-04-18,16,0,0,0,0,2011,4,18,Monday,0
292,2011-04-19,16,0,0,0,0,2011,4,19,Tuesday,0
293,2011-04-20,11,0,0,0,0,2011,4,20,Wednesday,0
294,2011-04-21,7,0,0,0,0,2011,4,21,Thursday,0
295,2011-04-22,25,0,0,1,1,2011,4,22,Friday,0
296,2011-04-23,26,0,0,3,2,2011,4,23,Saturday,0
297,2011-04-24,24,0,0,2,1,2011,4,24,Sunday,0
298,2011-04-25,19,0,0,1,1,2011,4,25,Monday,0
299,2011-04-26,29,0,0,1,1,2011,4,26,Tuesday,0
300,2011-04-27,20,0,0,1,1,2011,4,27,Wednesday,0
301,2011-04-28,23,0,0,1,1,2011,4,28,Thursday,0
302,2011-04-29,22,0,0,2,1,2011,4,29,Friday,1
303,2011-04-30,21,0,0,3,3,2011,4,30,Saturday,0
304,2011-05-01,19,0,0,1,1,2011,5,1,Sunday,0
305,2011-05-02,21,0,0,1,0,2011,5,2,Monday,0
306,2011-05-03,15,0,0,2,1,2011,5,3,Tuesday,1
307,2011-05-04,18,0,0,1,0,2011,5,4,Wednesday,1
308,2011-05-05,15,0,0,1,0,2011,5,5,Thursday,1
309,2011-05-06,18,0,0,0,0,2011,5,6,Friday,0
310,2011-05-07,14,0,0,1,0,2011,5,7,Saturday,0
311,2011-05-08,6,0,0,0,0,2011,5,8,Sunday,0
312,2011-05-09,11,0,0,0,0,2011,5,9,Monday,0
313,2011-05-10,7,0,0,0,0,2011,5,10,Tuesday,0
314,2011-05-11,6,0,0,0,0,2011,5,11,Wednesday,0
315,2011-05-12,11,0,0,0,0,2011,5,12,Thursday,0
316,2011-05-13,5,0,0,0,0,2011,5,13,Friday,0
317,2011-05-14,21,0,0,1,1,2011,5,14,Saturday,0
318,2011-05-15,20,0,0,1,0,2011,5,15,Sunday,0
319,2011-05-16,17,0,0,0,0,2011,5,16,Monday,0
320,2011-05-17,7,0,0,0,0,2011,5,17,Tuesday,0
321,2011-05-18,11,0,0,0,0,2011,5,18,Wednesday,0
322,2011-05-19,10,0,0,0,0,2011,5,19,Thursday,0
323,2011-05-20,16,0,0,1,0,2011,5,20,Friday,0
324,2011-05-21,22,0,0,1,1,2011,5,21,Saturday,0
325,2011-05-22,21,0,0,1,1,2011,5,22,Sunday,0
326,2011-05-23,13,0,0,0,0,2011,5,23,Monday,0
327,2011-05-24,10,0,0,0,0,2011,5,24,Tuesday,0
328,2011-05-25,14,0,0,0,0,2011,5,25,Wednesday,0
329,2011-05-26,18,0,0,0,0,2011,5,26,Thursday,0
330,2011-05-27,17,0,0,1,1,2011,5,27,Friday,0
331,2011-05-28,31,0,0,2,1,2011,5,28,Saturday,0
332,2011-05-29,24,0,0,1,1,2011,5,29,Sunday,0
333,2011-05-30,24,0,0,1,0,2011,5,30,Monday,0
334,2011-05-31,25,0,0,1,0,2011,5,31,Tuesday,0
335,2011-06-01,14,0,0,1,0,2011,6,1,Wednesday,0
336,2011-06-02,15,0,0,1,0,2011,6,2,Thursday,0
337,2011-06-03,13,0,0,1,0,2011,6,3,Friday,0
338,2011-06-04,25,0,0,1,1,2011,6,4,Saturday,0
339,2011-06-05,23,0,0,1,0,2011,6,5,Sunday,0
340,2011-06-06,7,0,0,0,0,2011,6,6,Monday,0
341,2011-06-07,4,0,0,0,0,2011,6,7,Tuesday,0
342,2011-06-08,13,0,0,0,0,2011,6,8,Wednesday,0
343,2011-06-09,14,0,0,0,0,2011,6,9,Thursday,0
344,2011-06-10,18,0,0,0,0,2011,6,10,Friday,0
345,2011-06-11,20,0,0,1,1,2011,6,11,Saturday,0
346,2011-06-12,11,0,0,1,0,2011,6,12,Sunday,0
347,2011-06-13,8,0,0,0,0,2011,6,13,Monday,0
348,2011-06-14,9,0,0,0,0,2011,6,14,Tuesday,0
349,2011-06-15,11,0,0,0,0,2011,6,15,Wednesday,0
350,2011-06-16,15,0,0,0,0,2011,6,16,Thursday,0
351,2011-06-17,13,0,0,0,0,2011,6,17,Friday,0
352,2011-06-18,20,0,0,1,1,2011,6,18,Saturday,0
353,2011-06-19,16,0,0,1,1,2011,6,19,Sunday,0
354,2011-06-20,18,0,0,0,0,2011,6,20,Monday,0
355,2011-06-21,11,0,0,0,0,2011,6,21,Tuesday,0
356,2011-06-22,7,0,0,0,0,2011,6,22,Wednesday,0
357,2011-06-23,12,0,0,0,0,2011,6,23,Thursday,0
358,2011-06-24,20,0,0,1,0,2011,6,24,Friday,0
359,2011-06-25,23,0,0,2,1,2011,6,25,Saturday,0
360,2011-06-26,23,0,0,2,1,2011,6,26,Sunday,0
361,2011-06-27,18,0,0,1,0,2011,6,27,Monday,0
362,2011-06-28,21,0,0,0,0,2011,6,28,Tuesday,0
363,2011-06-29,25,0,0,1,0,2011,6,29,Wednesday,0
364,2011-06-30,24,0,0,1,2,2011,6,30,Thursday,0
365,2011-07-01,16,0,0,-1,-1,2011,7,1,Friday,0
366,2011-07-02,25,0,0,2,1,2011,7,2,Saturday,0
367,2011-07-03,17,0,0,1,1,2011,7,3,Sunday,0
368,2011-07-04,11,0,0,0,0,2011,7,4,Monday,0
369,2011-07-05,8,0,0,0,0,2011,7,5,Tuesday,0
370,2011-07-06,11,0,0,0,0,2011,7,6,Wednesday,0
371,2011-07-07,10,0,0,0,0,2011,7,7,Thursday,0
372,2011-07-08,16,0,0,0,0,2011,7,8,Friday,0
373,2011-07-09,19,0,0,1,1,2011,7,9,Saturday,0
374,2011-07-10,20,0,0,1,1,2011,7,10,Sunday,0
375,2011-07-11,17,0,0,0,0,2011,7,11,Monday,0
376,2011-07-12,10,0,0,0,0,2011,7,12,Tuesday,0
377,2011-07-13,9,0,0,0,0,2011,7,13,Wednesday,0
378,2011-07-14,16,0,0,0,0,2011,7,14,Thursday,0
379,2011-07-15,19,0,0,0,0,2011,7,15,Friday,0
380,2011-07-16,17,0,0,2,1,2011,7,16,Saturday,0
381,2011-07-17,23,0,0,2,1,2011,7,17,Sunday,0
382,2011-07-18,19,0,0,1,0,2011,7,18,Monday,1
383,2011-07-19,13,0,0,0,0,2011,7,19,Tuesday,0
384,2011-07-20,15,0,0,0,0,2011,7,20,Wednesday,0
385,2011-07-21,14,0,0,0,0,2011,7,21,Thursday,0
386,2011-07-22,18,0,0,1,0,2011,7,22,Friday,0
387,2011-07-23,22,0,0,1,1,2011,7,23,Saturday,0
388,2011-07-24,23,0,0,1,1,2011,7,24,Sunday,0
389,2011-07-25,14,0,0,1,0,2011,7,25,Monday,0
390,2011-07-26,11,0,0,1,0,2011,7,26,Tuesday,0
391,2011-07-27,14,0,0,1,0,2011,7,27,Wednesday,0
392,2011-07-28,17,0,0,1,0,2011,7,28,Thursday,0
393,2011-07-29,24,0,0,1,1,2011,7,29,Friday,0
394,2011-07-30,23,0,0,2,2,2011,7,30,Saturday,0
395,2011-07-31,31,0,0,2,1,2011,7,31,Sunday,0
396,2011-08-01,19,0,0,1,0,2011,8,1,Monday,0
397,2011-08-02,10,0,0,0,0,2011,8,2,Tuesday,0
398,2011-08-03,11,0,0,0,0,2011,8,3,Wednesday,0
399,2011-08-04,12,0,0,0,0,2011,8,4,Thursday,0
400,2011-08-05,15,0,0,0,0,2011,8,5,Friday,0
401,2011-08-06,22,0,0,1,1,2011,8,6,Saturday,0
402,2011-08-07,12,0,0,1,0,2011,8,7,Sunday,0
403,2011-08-08,15,0,0,0,0,2011,8,8,Monday,0
404,2011-08-09,13,0,0,0,0,2011,8,9,Tuesday,0
405,2011-08-10,15,0,0,0,0,2011,8,10,Wednesday,0
406,2011-08-11,11,0,0,0,0,2011,8,11,Thursday,0
407,2011-08-12,16,0,0,0,0,2011,8,12,Friday,0
408,2011-08-13,13,0,0,0,0,2011,8,13,Saturday,0
409,2011-08-14,0,0,0,0,0,2011,8,14,Sunday,0
410,2011-08-15,19,0,0,0,0,2011,8,15,Monday,0
411,2011-08-16,17,0,0,0,0,2011,8,16,Tuesday,0
412,2011-08-17,5,0,0,0,0,2011,8,17,Wednesday,0
413,2011-08-18,11,0,0,0,0,2011,8,18,Thursday,0
414,2011-08-19,16,0,0,0,0,2011,8,19,Friday,0
415,2011-08-20,16,0,0,1,1,2011,8,20,Saturday,0
416,2011-08-21,13,0,0,1,0,2011,8,21,Sunday,0
417,2011-08-22,13,0,0,0,0,2011,8,22,Monday,0
418,2011-08-23,13,0,0,0,0,2011,8,23,Tuesday,0
419,2011-08-24,8,0,0,0,0,2011,8,24,Wednesday,0
420,2011-08-25,9,0,0,0,0,2011,8,25,Thursday,0
421,2011-08-26,22,0,0,0,0,2011,8,26,Friday,0
422,2011-08-27,23,0,0,1,1,2011,8,27,Saturday,0
423,2011-08-28,25,0,0,1,1,2011,8,28,Sunday,0
424,2011-08-29,24,0,0,0,0,2011,8,29,Monday,0
425,2011-08-30,21,0,0,0,0,2011,8,30,Tuesday,0
426,2011-08-31,21,0,0,1,1,2011,8,31,Wednesday,0
427,2011-09-01,14,0,0,1,1,2011,9,1,Thursday,0
428,2011-09-02,6,0,0,1,1,2011,9,2,Friday,0
429,2011-09-03,14,0,0,2,1,2011,9,3,Saturday,0
430,2011-09-04,11,0,0,1,1,2011,9,4,Sunday,0
431,2011-09-05,9,0,0,0,0,2011,9,5,Monday,0
432,2011-09-06,10,0,0,0,0,2011,9,6,Tuesday,0
433,2011-09-07,6,0,0,0,0,2011,9,7,Wednesday,0
434,2011-09-08,10,0,0,0,0,2011,9,8,Thursday,0
435,2011-09-09,7,0,0,0,0,2011,9,9,Friday,0
436,2011-09-10,15,0,0,1,1,2011,9,10,Saturday,0
437,2011-09-11,13,0,0,1,0,2011,9,11,Sunday,0
438,2011-09-12,14,0,0,0,0,2011,9,12,Monday,0
439,2011-09-13,16,0,0,0,0,2011,9,13,Tuesday,0
440,2011-09-14,10,0,0,0,0,2011,9,14,Wednesday,0
441,2011-09-15,11,0,0,0,0,2011,9,15,Thursday,0
442,2011-09-16,14,0,0,0,0,2011,9,16,Friday,0
443,2011-09-17,21,0,0,2,1,2011,9,17,Saturday,0
444,2011-09-18,19,0,0,2,2,2011,9,18,Sunday,0
445,2011-09-19,18,0,0,1,1,2011,9,19,Monday,1
446,2011-09-20,21,0,0,0,0,2011,9,20,Tuesday,0
447,2011-09-21,12,0,0,0,0,2011,9,21,Wednesday,0
448,2011-09-22,24,0,0,0,0,2011,9,22,Thursday,0
449,2011-09-23,36,0,0,1,1,2011,9,23,Friday,1
450,2011-09-24,47,0,0,2,2,2011,9,24,Saturday,0
451,2011-09-25,26,0,0,2,2,2011,9,25,Sunday,0
452,2011-09-26,21,0,0,1,1,2011,9,26,Monday,0
453,2011-09-27,19,0,0,1,1,2011,9,27,Tuesday,0
454,2011-09-28,24,0,0,1,1,2011,9,28,Wednesday,0
455,2011-09-29,26,0,0,1,1,2011,9,29,Thursday,0
456,2011-09-30,29,0,0,1,1,2011,9,30,Friday,0
457,2011-10-01,26,0,0,2,1,2011,10,1,Saturday,0
458,2011-10-02,27,0,0,1,1,2011,10,2,Sunday,0
459,2011-10-03,20,0,0,1,-1,2011,10,3,Monday,0
460,2011-10-04,14,0,0,0,0,2011,10,4,Tuesday,0
461,2011-10-05,16,0,0,0,0,2011,10,5,Wednesday,0
462,2011-10-06,15,0,0,0,0,2011,10,6,Thursday,0
463,2011-10-07,15,0,0,0,0,2011,10,7,Friday,0
464,2011-10-08,21,0,0,2,1,2011,10,8,Saturday,0
465,2011-10-09,21,0,0,2,1,2011,10,9,Sunday,0
466,2011-10-10,17,0,0,1,0,2011,10,10,Monday,1
467,2011-10-11,9,0,0,0,0,2011,10,11,Tuesday,0
468,2011-10-12,10,0,0,0,0,2011,10,12,Wednesday,0
469,2011-10-13,14,0,0,0,0,2011,10,13,Thursday,0
470,2011-10-14,14,0,0,0,0,2011,10,14,Friday,0
471,2011-10-15,22,0,0,1,1,2011,10,15,Saturday,0
472,2011-10-16,24,0,0,1,0,2011,10,16,Sunday,0
473,2011-10-17,18,0,0,0,0,2011,10,17,Monday,0
474,2011-10-18,13,0,0,0,0,2011,10,18,Tuesday,0
475,2011-10-19,7,0,0,0,0,2011,10,19,Wednesday,0
476,2011-10-20,13,0,0,0,0,2011,10,20,Thursday,0
477,2011-10-21,18,0,0,0,0,2011,10,21,Friday,0
478,2011-10-22,17,0,0,1,1,2011,10,22,Saturday,0
479,2011-10-23,21,0,0,1,1,2011,10,23,Sunday,0
480,2011-10-24,14,0,0,0,0,2011,10,24,Monday,0
481,2011-10-25,17,0,0,0,0,2011,10,25,Tuesday,0
482,2011-10-26,23,0,0,0,0,2011,10,26,Wednesday,0
483,2011-10-27,24,0,0,0,0,2011,10,27,Thursday,0
484,2011-10-28,25,0,0,1,1,2011,10,28,Friday,0
485,2011-10-29,35,0,0,2,2,2011,10,29,Saturday,0
486,2011-10-30,22,0,0,2,1,2011,10,30,Sunday,0
487,2011-10-31,27,0,0,1,1,2011,10,31,Monday,0
488,2011-11-01,21,0,0,1,1,2011,11,1,Tuesday,0
489,2011-11-02,21,0,0,1,0,2011,11,2,Wednesday,0
490,2011-11-03,22,0,0,2,1,2011,11,3,Thursday,1
491,2011-11-04,22,0,0,1,1,2011,11,4,Friday,0
492,2011-11-05,28,0,0,1,0,2011,11,5,Saturday,0
493,2011-11-06,10,0,0,1,0,2011,11,6,Sunday,0
494,2011-11-07,14,0,0,0,0,2011,11,7,Monday,0
495,2011-11-08,17,0,0,0,0,2011,11,8,Tuesday,0
496,2011-11-09,11,0,0,0,0,2011,11,9,Wednesday,0
497,2011-11-10,12,0,0,0,0,2011,11,10,Thursday,0
498,2011-11-11,25,0,0,0,0,2011,11,11,Friday,0
499,2011-11-12,27,0,0,1,1,2011,11,12,Saturday,0
500,2011-11-13,21,0,0,0,0,2011,11,13,Sunday,0
501,2011-11-14,13,0,0,0,0,2011,11,14,Monday,0
502,2011-11-15,11,0,0,0,0,2011,11,15,Tuesday,0
503,2011-11-16,19,0,0,0,0,2011,11,16,Wednesday,0
504,2011-11-17,11,0,0,0,0,2011,11,17,Thursday,0
505,2011-11-18,11,0,0,0,0,2011,11,18,Friday,0
506,2011-11-19,15,0,0,1,1,2011,11,19,Saturday,0
507,2011-11-20,29,0,0,1,0,2011,11,20,Sunday,0
508,2011-11-21,18,0,0,0,0,2011,11,21,Monday,0
509,2011-11-22,14,0,0,0,0,2011,11,22,Tuesday,0
510,2011-11-23,12,0,0,0,0,2011,11,23,Wednesday,1
511,2011-11-24,21,0,0,0,0,2011,11,24,Thursday,0
512,2011-11-25,30,0,0,1,1,2011,11,25,Friday,0
513,2011-11-26,31,0,0,2,1,2011,11,26,Saturday,0
514,2011-11-27,32,0,0,1,1,2011,11,27,Sunday,0
515,2011-11-28,27,0,0,0,0,2011,11,28,Monday,0
516,2011-11-29,20,0,0,0,0,2011,11,29,Tuesday,0
517,2011-11-30,20,0,0,1,1,2011,11,30,Wednesday,0
518,2011-12-01,15,0,0,1,1,2011,12,1,Thursday,0
519,2011-12-02,17,0,0,1,1,2011,12,2,Friday,0
520,2011-12-03,32,0,0,2,1,2011,12,3,Saturday,0
521,2011-12-04,17,0,0,1,1,2011,12,4,Sunday,0
522,2011-12-05,11,0,0,0,0,2011,12,5,Monday,0
523,2011-12-06,12,0,0,0,0,2011,12,6,Tuesday,0
524,2011-12-07,13,0,0,0,0,2011,12,7,Wednesday,0
525,2011-12-08,8,0,0,0,0,2011,12,8,Thursday,0
526,2011-12-09,14,0,0,0,0,2011,12,9,Friday,0
527,2011-12-10,31,0,0,1,1,2011,12,10,Saturday,0
528,2011-12-11,22,0,0,1,1,2011,12,11,Sunday,0
529,2011-12-12,19,0,0,0,0,2011,12,12,Monday,0
530,2011-12-13,14,0,0,0,0,2011,12,13,Tuesday,0
531,2011-12-14,15,0,0,0,0,2011,12,14,Wednesday,0
532,2011-12-15,17,0,0,0,0,2011,12,15,Thursday,0
533,2011-12-16,25,0,0,0,0,2011,12,16,Friday,0
534,2011-12-17,35,0,0,1,1,2011,12,17,Saturday,0
535,2011-12-18,30,0,0,1,1,2011,12,18,Sunday,0
536,2011-12-19,30,0,0,1,0,2011,12,19,Monday,0
537,2011-12-20,30,0,0,0,0,2011,12,20,Tuesday,0
538,2011-12-21,28,0,0,0,0,2011,12,21,Wednesday,0
539,2011-12-22,32,0,0,1,1,2011,12,22,Thursday,0
540,2011-12-23,36,0,0,2,1,2011,12,23,Friday,1
541,2011-12-24,30,0,0,2,2,2011,12,24,Saturday,0
542,2011-12-25,22,0,0,1,1,2011,12,25,Sunday,0
543,2011-12-26,31,0,0,1,0,2011,12,26,Monday,0
544,2011-12-27,30,0,0,1,0,2011,12,27,Tuesday,0
545,2011-12-28,23,0,0,1,0,2011,12,28,Wednesday,0
546,2011-12-29,26,0,0,1,0,2011,12,29,Thursday,0
547,2011-12-30,15,0,0,1,3,2011,12,30,Friday,0
548,2011-12-31,0,0,1,-1,-1,2011,12,31,Saturday,0
549,2012-01-01,0,0,1,-1,-1,2012,1,1,Sunday,1
550,2012-01-02,0,0,1,-1,-1,2012,1,2,Monday,1
551,2012-01-03,0,0,1,-1,-1,2012,1,3,Tuesday,0
552,2012-01-04,12,0,0,0,0,2012,1,4,Wednesday,0
553,2012-01-05,9,0,0,0,0,2012,1,5,Thursday,0
554,2012-01-06,8,0,0,0,0,2012,1,6,Friday,0
555,2012-01-07,29,0,0,0,0,2012,1,7,Saturday,0
556,2012-01-08,23,0,0,0,0,2012,1,8,Sunday,0
557,2012-01-09,9,0,0,0,0,2012,1,9,Monday,1
558,2012-01-10,10,0,0,0,0,2012,1,10,Tuesday,0
559,2012-01-11,10,0,0,0,0,2012,1,11,Wednesday,0
560,2012-01-12,7,0,0,0,0,2012,1,12,Thursday,0
561,2012-01-13,9,0,0,0,0,2012,1,13,Friday,0
562,2012-01-14,24,0,0,0,1,2012,1,14,Saturday,0
563,2012-01-15,21,0,0,0,0,2012,1,15,Sunday,0
564,2012-01-16,18,0,0,0,0,2012,1,16,Monday,0
565,2012-01-17,18,0,0,0,0,2012,1,17,Tuesday,0
566,2012-01-18,17,0,0,0,0,2012,1,18,Wednesday,0
567,2012-01-19,13,0,0,0,0,2012,1,19,Thursday,0
568,2012-01-20,18,0,0,0,0,2012,1,20,Friday,0
569,2012-01-21,30,0,0,1,0,2012,1,21,Saturday,0
570,2012-01-22,28,0,0,1,0,2012,1,22,Sunday,0
571,2012-01-23,18,0,0,0,0,2012,1,23,Monday,0
572,2012-01-24,17,0,0,0,0,2012,1,24,Tuesday,0
573,2012-01-25,20,0,0,0,0,2012,1,25,Wednesday,0
574,2012-01-26,16,0,0,0,0,2012,1,26,Thursday,0
575,2012-01-27,30,0,0,1,1,2012,1,27,Friday,0
576,2012-01-28,32,0,0,2,1,2012,1,28,Saturday,0
577,2012-01-29,26,0,0,2,1,2012,1,29,Sunday,0
578,2012-01-30,33,0,0,1,0,2012,1,30,Monday,0
579,2012-01-31,29,0,0,1,1,2012,1,31,Tuesday,0
580,2012-02-01,27,0,0,1,1,2012,2,1,Wednesday,0
581,2012-02-02,17,0,0,1,0,2012,2,2,Thursday,0
582,2012-02-03,19,0,0,0,0,2012,2,3,Friday,0
583,2012-02-04,33,0,0,2,1,2012,2,4,Saturday,0
584,2012-02-05,19,0,0,1,1,2012,2,5,Sunday,0
585,2012-02-06,23,0,0,0,0,2012,2,6,Monday,0
586,2012-02-07,18,0,0,0,0,2012,2,7,Tuesday,0
587,2012-02-08,22,0,0,0,0,2012,2,8,Wednesday,0
588,2012-02-09,14,0,0,0,0,2012,2,9,Thursday,0
589,2012-02-10,25,0,0,0,0,2012,2,10,Friday,0
590,2012-02-11,36,0,0,1,1,2012,2,11,Saturday,1
591,2012-02-12,22,0,0,1,0,2012,2,12,Sunday,0
592,2012-02-13,23,0,0,0,0,2012,2,13,Monday,0
593,2012-02-14,18,0,0,0,0,2012,2,14,Tuesday,0
594,2012-02-15,23,0,0,0,0,2012,2,15,Wednesday,0
595,2012-02-16,22,0,0,0,0,2012,2,16,Thursday,0
596,2012-02-17,25,0,0,0,0,2012,2,17,Friday,0
597,2012-02-18,33,0,0,2,1,2012,2,18,Saturday,0
598,2012-02-19,31,0,0,1,1,2012,2,19,Sunday,0
599,2012-02-20,26,0,0,1,0,2012,2,20,Monday,0
600,2012-02-21,24,0,0,0,0,2012,2,21,Tuesday,0
601,2012-02-22,32,0,0,0,0,2012,2,22,Wednesday,0
602,2012-02-23,29,0,0,1,0,2012,2,23,Thursday,0
603,2012-02-24,43,0,0,1,1,2012,2,24,Friday,0
604,2012-02-25,49,0,0,3,2,2012,2,25,Saturday,0
605,2012-02-26,47,0,0,2,1,2012,2,26,Sunday,0
606,2012-02-27,41,0,0,1,1,2012,2,27,Monday,0
607,2012-02-28,40,0,0,1,1,2012,2,28,Tuesday,0
608,2012-02-29,39,0,0,2,1,2012,2,29,Wednesday,0
609,2012-03-01,36,0,0,1,1,2012,3,1,Thursday,0
610,2012-03-02,45,0,0,1,1,2012,3,2,Friday,0
611,2012-03-03,37,0,0,2,1,2012,3,3,Saturday,0
612,2012-03-04,30,0,0,1,1,2012,3,4,Sunday,0
613,2012-03-05,29,0,0,0,0,2012,3,5,Monday,0
614,2012-03-06,30,0,0,0,0,2012,3,6,Tuesday,0
615,2012-03-07,38,0,0,0,0,2012,3,7,Wednesday,0
616,2012-03-08,32,0,0,0,0,2012,3,8,Thursday,0
617,2012-03-09,33,0,0,0,0,2012,3,9,Friday,0
618,2012-03-10,30,0,0,2,1,2012,3,10,Saturday,0
619,2012-03-11,28,0,0,1,1,2012,3,11,Sunday,0
620,2012-03-12,31,0,0,0,0,2012,3,12,Monday,0
621,2012-03-13,35,0,0,0,0,2012,3,13,Tuesday,0
622,2012-03-14,30,0,0,1,0,2012,3,14,Wednesday,0
623,2012-03-15,36,0,0,1,1,2012,3,15,Thursday,0
624,2012-03-16,50,0,0,2,2,2012,3,16,Friday,0
625,2012-03-17,58,0,0,3,3,2012,3,17,Saturday,0
626,2012-03-18,45,0,0,3,2,2012,3,18,Sunday,0
627,2012-03-19,48,0,0,2,2,2012,3,19,Monday,0
628,2012-03-20,51,0,0,3,2,2012,3,20,Tuesday,1
629,2012-03-21,60,0,0,2,2,2012,3,21,Wednesday,0
630,2012-03-22,49,0,0,3,2,2012,3,22,Thursday,0
631,2012-03-23,47,0,0,4,3,2012,3,23,Friday,0
632,2012-03-24,55,0,0,5,4,2012,3,24,Saturday,0
633,2012-03-25,49,0,0,4,5,2012,3,25,Sunday,0
634,2012-03-26,69,0,0,3,2,2012,3,26,Monday,0
635,2012-03-27,88,0,0,3,2,2012,3,27,Tuesday,0
636,2012-03-28,66,0,0,2,2,2012,3,28,Wednesday,0
637,2012-03-29,63,0,0,4,2,2012,3,29,Thursday,0
638,2012-03-30,69,0,0,4,4,2012,3,30,Friday,0
639,2012-03-31,63,0,0,5,5,2012,3,31,Saturday,0
640,2012-04-01,36,0,0,5,4,2012,4,1,Sunday,0
641,2012-04-02,45,0,0,2,3,2012,4,2,Monday,0
642,2012-04-03,36,0,0,2,1,2012,4,3,Tuesday,0
643,2012-04-04,32,0,0,1,1,2012,4,4,Wednesday,0
644,2012-04-05,43,0,0,1,0,2012,4,5,Thursday,0
645,2012-04-06,36,0,0,0,0,2012,4,6,Friday,0
646,2012-04-07,39,0,0,4,3,2012,4,7,Saturday,0
647,2012-04-08,33,0,0,2,2,2012,4,8,Sunday,0
648,2012-04-09,33,0,0,0,0,2012,4,9,Monday,0
649,2012-04-10,32,0,0,0,0,2012,4,10,Tuesday,0
650,2012-04-11,20,0,0,0,0,2012,4,11,Wednesday,0
651,2012-04-12,25,0,0,0,0,2012,4,12,Thursday,0
652,2012-04-13,34,0,0,0,0,2012,4,13,Friday,0
653,2012-04-14,43,0,0,2,2,2012,4,14,Saturday,0
654,2012-04-15,40,0,0,1,2,2012,4,15,Sunday,0
655,2012-04-16,27,0,0,0,0,2012,4,16,Monday,0
656,2012-04-17,21,0,0,0,0,2012,4,17,Tuesday,0
657,2012-04-18,21,0,0,0,0,2012,4,18,Wednesday,0
658,2012-04-19,21,0,0,0,0,2012,4,19,Thursday,0
659,2012-04-20,25,0,0,0,0,2012,4,20,Friday,0
660,2012-04-21,29,0,0,2,2,2012,4,21,Saturday,0
661,2012-04-22,28,0,0,1,1,2012,4,22,Sunday,0
662,2012-04-23,32,0,0,1,0,2012,4,23,Monday,0
663,2012-04-24,27,0,0,0,0,2012,4,24,Tuesday,0
664,2012-04-25,35,0,0,0,0,2012,4,25,Wednesday,0
665,2012-04-26,29,0,0,0,0,2012,4,26,Thursday,0
666,2012-04-27,32,0,0,1,1,2012,4,27,Friday,0
667,2012-04-28,43,0,0,2,2,2012,4,28,Saturday,0
668,2012-04-29,54,0,0,3,2,2012,4,29,Sunday,1
669,2012-04-30,39,0,0,2,1,2012,4,30,Monday,1
670,2012-05-01,31,0,0,0,0,2012,5,1,Tuesday,0
671,2012-05-02,30,0,0,0,0,2012,5,2,Wednesday,0
672,2012-05-03,27,0,0,1,1,2012,5,3,Thursday,1
673,2012-05-04,27,0,0,2,2,2012,5,4,Friday,1
674,2012-05-05,16,0,0,1,0,2012,5,5,Saturday,1
675,2012-05-06,12,0,0,0,0,2012,5,6,Sunday,0
676,2012-05-07,21,0,0,0,0,2012,5,7,Monday,0
677,2012-05-08,22,0,0,0,0,2012,5,8,Tuesday,0
678,2012-05-09,19,0,0,0,0,2012,5,9,Wednesday,0
679,2012-05-10,16,0,0,0,0,2012,5,10,Thursday,0
680,2012-05-11,19,0,0,0,0,2012,5,11,Friday,0
681,2012-05-12,32,0,0,1,1,2012,5,12,Saturday,0
682,2012-05-13,26,0,0,1,0,2012,5,13,Sunday,0
683,2012-05-14,22,0,0,0,0,2012,5,14,Monday,0
684,2012-05-15,21,0,0,0,0,2012,5,15,Tuesday,0
685,2012-05-16,11,0,0,0,0,2012,5,16,Wednesday,0
686,2012-05-17,14,0,0,0,0,2012,5,17,Thursday,0
687,2012-05-18,19,0,0,0,0,2012,5,18,Friday,0
688,2012-05-19,33,0,0,1,1,2012,5,19,Saturday,0
689,2012-05-20,25,0,0,1,0,2012,5,20,Sunday,0
690,2012-05-21,15,0,0,0,0,2012,5,21,Monday,0
691,2012-05-22,21,0,0,0,0,2012,5,22,Tuesday,0
692,2012-05-23,19,0,0,0,0,2012,5,23,Wednesday,0
693,2012-05-24,23,0,0,0,0,2012,5,24,Thursday,0
694,2012-05-25,32,0,0,1,0,2012,5,25,Friday,0
695,2012-05-26,39,0,0,2,1,2012,5,26,Saturday,0
696,2012-05-27,32,0,0,1,1,2012,5,27,Sunday,0
697,2012-05-28,30,0,0,1,0,2012,5,28,Monday,0
698,2012-05-29,33,0,0,0,0,2012,5,29,Tuesday,0
699,2012-05-30,27,0,0,1,0,2012,5,30,Wednesday,0
700,2012-05-31,35,0,0,1,1,2012,5,31,Thursday,0
701,2012-06-01,30,0,0,0,0,2012,6,1,Friday,0
702,2012-06-02,36,0,0,1,1,2012,6,2,Saturday,0
703,2012-06-03,28,0,0,1,1,2012,6,3,Sunday,0
704,2012-06-04,22,0,0,0,0,2012,6,4,Monday,0
705,2012-06-05,23,0,0,0,0,2012,6,5,Tuesday,0
706,2012-06-06,13,0,0,0,0,2012,6,6,Wednesday,0
707,2012-06-07,13,0,0,0,0,2012,6,7,Thursday,0
708,2012-06-08,12,0,0,0,0,2012,6,8,Friday,0
709,2012-06-09,38,0,0,1,1,2012,6,9,Saturday,0
710,2012-06-10,17,0,0,1,0,2012,6,10,Sunday,0
711,2012-06-11,22,0,0,0,0,2012,6,11,Monday,0
712,2012-06-12,12,0,0,0,0,2012,6,12,Tuesday,0
713,2012-06-13,22,0,0,0,0,2012,6,13,Wednesday,0
714,2012-06-14,20,0,0,0,0,2012,6,14,Thursday,0
715,2012-06-15,20,0,0,0,0,2012,6,15,Friday,0
716,2012-06-16,42,0,0,1,1,2012,6,16,Saturday,0
717,2012-06-17,22,0,0,1,0,2012,6,17,Sunday,0
718,2012-06-18,23,0,0,0,0,2012,6,18,Monday,0
719,2012-06-19,19,0,0,0,0,2012,6,19,Tuesday,0
720,2012-06-20,21,0,0,0,0,2012,6,20,Wednesday,0
721,2012-06-21,20,0,0,0,0,2012,6,21,Thursday,0
722,2012-06-22,32,0,0,0,0,2012,6,22,Friday,0
723,2012-06-23,38,0,0,2,1,2012,6,23,Saturday,0
724,2012-06-24,34,0,0,1,1,2012,6,24,Sunday,0
725,2012-06-25,31,0,0,0,0,2012,6,25,Monday,0
726,2012-06-26,33,0,0,1,0,2012,6,26,Tuesday,0
727,2012-06-27,31,0,0,0,0,2012,6,27,Wednesday,0
728,2012-06-28,42,0,0,1,0,2012,6,28,Thursday,0
729,2012-06-29,52,0,0,1,1,2012,6,29,Friday,0
730,2012-06-30,55,0,0,2,2,2012,6,30,Saturday,0
731,2012-07-01,45,0,0,2,1,2012,7,1,Sunday,0
732,2012-07-02,31,0,0,1,1,2012,7,2,Monday,0
733,2012-07-03,12,0,0,1,0,2012,7,3,Tuesday,0
734,2012-07-04,19,0,0,0,0,2012,7,4,Wednesday,0
735,2012-07-05,16,0,0,0,0,2012,7,5,Thursday,0
736,2012-07-06,23,0,0,0,0,2012,7,6,Friday,0
737,2012-07-07,34,0,0,1,1,2012,7,7,Saturday,0
738,2012-07-08,20,0,0,1,1,2012,7,8,Sunday,0
739,2012-07-09,17,0,0,0,0,2012,7,9,Monday,0
740,2012-07-10,9,0,0,0,0,2012,7,10,Tuesday,0
741,2012-07-11,21,0,0,0,0,2012,7,11,Wednesday,0
742,2012-07-12,21,0,0,0,0,2012,7,12,Thursday,0
743,2012-07-13,23,0,0,0,0,2012,7,13,Friday,0
744,2012-07-14,38,0,0,2,1,2012,7,14,Saturday,0
745,2012-07-15,38,0,0,2,1,2012,7,15,Sunday,0
746,2012-07-16,25,0,0,1,0,2012,7,16,Monday,1
747,2012-07-17,24,0,0,0,0,2012,7,17,Tuesday,0
748,2012-07-18,11,0,0,0,0,2012,7,18,Wednesday,0
749,2012-07-19,19,0,0,0,0,2012,7,19,Thursday,0
750,2012-07-20,24,0,0,0,0,2012,7,20,Friday,0
751,2012-07-21,37,0,0,1,1,2012,7,21,Saturday,0
752,2012-07-22,23,0,0,1,1,2012,7,22,Sunday,0
753,2012-07-23,27,0,0,0,0,2012,7,23,Monday,0
754,2012-07-24,31,0,0,1,0,2012,7,24,Tuesday,0
755,2012-07-25,17,0,0,0,0,2012,7,25,Wednesday,0
756,2012-07-26,22,0,0,0,0,2012,7,26,Thursday,0
757,2012-07-27,25,0,0,1,1,2012,7,27,Friday,0
758,2012-07-28,48,0,0,3,2,2012,7,28,Saturday,0
759,2012-07-29,43,0,0,2,1,2012,7,29,Sunday,0
760,2012-07-30,31,0,0,1,1,2012,7,30,Monday,0
761,2012-07-31,42,0,0,1,1,2012,7,31,Tuesday,0
762,2012-08-01,41,0,0,0,0,2012,8,1,Wednesday,0
763,2012-08-02,30,0,0,0,0,2012,8,2,Thursday,0
764,2012-08-03,29,0,0,0,0,2012,8,3,Friday,0
765,2012-08-04,31,0,0,1,1,2012,8,4,Saturday,0
766,2012-08-05,34,0,0,1,1,2012,8,5,Sunday,0
767,2012-08-06,21,0,0,0,0,2012,8,6,Monday,0
768,2012-08-07,21,0,0,0,0,2012,8,7,Tuesday,0
769,2012-08-08,22,0,0,0,0,2012,8,8,Wednesday,0
770,2012-08-09,12,0,0,0,0,2012,8,9,Thursday,0
771,2012-08-10,25,0,0,0,0,2012,8,10,Friday,0
772,2012-08-11,29,0,0,1,1,2012,8,11,Saturday,0
773,2012-08-12,14,0,0,0,0,2012,8,12,Sunday,0
774,2012-08-13,29,0,0,0,0,2012,8,13,Monday,0
775,2012-08-14,23,0,0,0,0,2012,8,14,Tuesday,0
776,2012-08-15,19,0,0,0,0,2012,8,15,Wednesday,0
777,2012-08-16,16,0,0,0,0,2012,8,16,Thursday,0
778,2012-08-17,29,0,0,0,0,2012,8,17,Friday,0
779,2012-08-18,22,0,0,1,1,2012,8,18,Saturday,0
780,2012-08-19,23,0,0,1,0,2012,8,19,Sunday,0
781,2012-08-20,25,0,0,0,0,2012,8,20,Monday,0
782,2012-08-21,19,0,0,0,0,2012,8,21,Tuesday,0
783,2012-08-22,21,0,0,0,0,2012,8,22,Wednesday,0
784,2012-08-23,26,0,0,0,0,2012,8,23,Thursday,0
785,2012-08-24,23,0,0,1,0,2012,8,24,Friday,0
786,2012-08-25,31,0,0,2,1,2012,8,25,Saturday,0
787,2012-08-26,37,0,0,1,1,2012,8,26,Sunday,0
788,2012-08-27,36,0,0,0,0,2012,8,27,Monday,0
789,2012-08-28,27,0,0,1,1,2012,8,28,Tuesday,0
790,2012-08-29,30,0,0,0,0,2012,8,29,Wednesday,0
791,2012-08-30,38,0,0,1,0,2012,8,30,Thursday,0
792,2012-08-31,28,0,0,1,1,2012,8,31,Friday,0
793,2012-09-01,44,0,0,2,1,2012,9,1,Saturday,0
794,2012-09-02,40,0,0,1,1,2012,9,2,Sunday,0
795,2012-09-03,35,0,0,1,0,2012,9,3,Monday,0
796,2012-09-04,13,0,0,0,0,2012,9,4,Tuesday,0
797,2012-09-05,15,0,0,0,0,2012,9,5,Wednesday,0
798,2012-09-06,19,0,0,0,0,2012,9,6,Thursday,0
799,2012-09-07,23,0,0,0,0,2012,9,7,Friday,0
800,2012-09-08,18,0,0,1,1,2012,9,8,Saturday,0
801,2012-09-09,33,0,0,1,1,2012,9,9,Sunday,0
802,2012-09-10,28,0,0,0,0,2012,9,10,Monday,0
803,2012-09-11,22,0,0,0,0,2012,9,11,Tuesday,0
804,2012-09-12,26,0,0,0,0,2012,9,12,Wednesday,0
805,2012-09-13,26,0,0,0,0,2012,9,13,Thursday,0
806,2012-09-14,25,0,0,0,0,2012,9,14,Friday,0
807,2012-09-15,36,0,0,2,1,2012,9,15,Saturday,0
808,2012-09-16,45,0,0,2,2,2012,9,16,Sunday,0
809,2012-09-17,26,0,0,1,0,2012,9,17,Monday,1
810,2012-09-18,34,0,0,1,0,2012,9,18,Tuesday,0
811,2012-09-19,24,0,0,1,0,2012,9,19,Wednesday,0
812,2012-09-20,28,0,0,1,0,2012,9,20,Thursday,0
813,2012-09-21,36,0,0,1,0,2012,9,21,Friday,0
814,2012-09-22,49,0,0,2,1,2012,9,22,Saturday,1
815,2012-09-23,51,0,0,1,1,2012,9,23,Sunday,0
816,2012-09-24,69,0,0,1,0,2012,9,24,Monday,0
817,2012-09-25,32,0,0,1,1,2012,9,25,Tuesday,0
818,2012-09-26,45,0,0,0,0,2012,9,26,Wednesday,0
819,2012-09-27,40,0,0,1,0,2012,9,27,Thursday,0
820,2012-09-28,49,0,0,1,1,2012,9,28,Friday,0
821,2012-09-29,53,0,0,3,2,2012,9,29,Saturday,0
822,2012-09-30,52,0,0,2,2,2012,9,30,Sunday,0
823,2012-10-01,56,0,0,1,1,2012,10,1,Monday,0
824,2012-10-02,33,0,0,1,0,2012,10,2,Tuesday,0
825,2012-10-03,22,0,0,0,0,2012,10,3,Wednesday,0
826,2012-10-04,26,0,0,0,0,2012,10,4,Thursday,0
827,2012-10-05,37,0,0,0,0,2012,10,5,Friday,0
828,2012-10-06,35,0,0,2,1,2012,10,6,Saturday,0
829,2012-10-07,39,0,0,2,2,2012,10,7,Sunday,0
830,2012-10-08,29,0,0,1,0,2012,10,8,Monday,1
831,2012-10-09,25,0,0,0,0,2012,10,9,Tuesday,0
832,2012-10-10,19,0,0,0,0,2012,10,10,Wednesday,0
833,2012-10-11,16,0,0,0,0,2012,10,11,Thursday,0
834,2012-10-12,28,0,0,0,0,2012,10,12,Friday,0
835,2012-10-13,40,0,0,1,1,2012,10,13,Saturday,0
836,2012-10-14,35,0,0,1,0,2012,10,14,Sunday,0
837,2012-10-15,22,0,0,0,0,2012,10,15,Monday,0
838,2012-10-16,14,0,0,0,0,2012,10,16,Tuesday,0
839,2012-10-17,21,0,0,0,0,2012,10,17,Wednesday,0
840,2012-10-18,16,0,0,0,0,2012,10,18,Thursday,0
841,2012-10-19,35,0,0,0,0,2012,10,19,Friday,0
842,2012-10-20,46,0,0,1,1,2012,10,20,Saturday,0
843,2012-10-21,29,0,0,1,0,2012,10,21,Sunday,0
844,2012-10-22,27,0,0,0,0,2012,10,22,Monday,0
845,2012-10-23,20,0,0,0,0,2012,10,23,Tuesday,0
846,2012-10-24,33,0,0,0,0,2012,10,24,Wednesday,0
847,2012-10-25,31,0,0,0,0,2012,10,25,Thursday,0
848,2012-10-26,38,0,0,1,0,2012,10,26,Friday,0
849,2012-10-27,58,0,0,2,1,2012,10,27,Saturday,0
850,2012-10-28,50,0,0,1,1,2012,10,28,Sunday,0
851,2012-10-29,50,0,0,1,1,2012,10,29,Monday,0
852,2012-10-30,51,0,0,0,0,2012,10,30,Tuesday,0
853,2012-10-31,49,0,0,1,1,2012,10,31,Wednesday,0
854,2012-11-01,34,0,0,0,0,2012,11,1,Thursday,0
855,2012-11-02,27,0,0,0,0,2012,11,2,Friday,0
856,2012-11-03,43,0,0,2,1,2012,11,3,Saturday,1
857,2012-11-04,35,0,0,1,1,2012,11,4,Sunday,0
858,2012-11-05,25,0,0,0,0,2012,11,5,Monday,0
859,2012-11-06,26,0,0,0,0,2012,11,6,Tuesday,0
860,2012-11-07,21,0,0,0,0,2012,11,7,Wednesday,0
861,2012-11-08,14,0,0,0,0,2012,11,8,Thursday,0
862,2012-11-09,27,0,0,0,0,2012,11,9,Friday,0
863,2012-11-10,37,0,0,1,1,2012,11,10,Saturday,0
864,2012-11-11,26,0,0,0,0,2012,11,11,Sunday,0
865,2012-11-12,21,0,0,0,0,2012,11,12,Monday,0
866,2012-11-13,22,0,0,0,0,2012,11,13,Tuesday,0
867,2012-11-14,12,0,0,0,0,2012,11,14,Wednesday,0
868,2012-11-15,33,0,0,0,0,2012,11,15,Thursday,0
869,2012-11-16,26,0,0,0,0,2012,11,16,Friday,0
870,2012-11-17,38,0,0,1,1,2012,11,17,Saturday,0
871,2012-11-18,39,0,0,1,0,2012,11,18,Sunday,0
872,2012-11-19,25,0,0,0,0,2012,11,19,Monday,0
873,2012-11-20,28,0,0,0,0,2012,11,20,Tuesday,0
874,2012-11-21,38,0,0,0,0,2012,11,21,Wednesday,0
875,2012-11-22,45,0,0,0,0,2012,11,22,Thursday,0
876,2012-11-23,49,0,0,2,1,2012,11,23,Friday,1
877,2012-11-24,42,0,0,2,1,2012,11,24,Saturday,0
878,2012-11-25,46,0,0,1,1,2012,11,25,Sunday,0
879,2012-11-26,40,0,0,0,0,2012,11,26,Monday,0
880,2012-11-27,32,0,0,1,0,2012,11,27,Tuesday,0
881,2012-11-28,43,0,0,0,0,2012,11,28,Wednesday,0
882,2012-11-29,44,0,0,0,0,2012,11,29,Thursday,0
883,2012-11-30,49,0,0,1,1,2012,11,30,Friday,0
884,2012-12-01,45,0,0,2,1,2012,12,1,Saturday,0
885,2012-12-02,37,0,0,1,1,2012,12,2,Sunday,0
886,2012-12-03,40,0,0,0,0,2012,12,3,Monday,0
887,2012-12-04,17,0,0,0,0,2012,12,4,Tuesday,0
888,2012-12-05,26,0,0,0,0,2012,12,5,Wednesday,0
889,2012-12-06,16,0,0,0,0,2012,12,6,Thursday,0
890,2012-12-07,19,0,0,0,0,2012,12,7,Friday,0
891,2012-12-08,44,0,0,1,1,2012,12,8,Saturday,0
892,2012-12-09,35,0,0,1,0,2012,12,9,Sunday,0
893,2012-12-10,39,0,0,0,0,2012,12,10,Monday,0
894,2012-12-11,22,0,0,0,0,2012,12,11,Tuesday,0
895,2012-12-12,27,0,0,0,0,2012,12,12,Wednesday,0
896,2012-12-13,34,0,0,0,0,2012,12,13,Thursday,0
897,2012-12-14,37,0,0,0,0,2012,12,14,Friday,0
898,2012-12-15,50,0,0,1,1,2012,12,15,Saturday,0
899,2012-12-16,49,0,0,1,0,2012,12,16,Sunday,0
900,2012-12-17,43,0,0,0,0,2012,12,17,Monday,0
901,2012-12-18,41,0,0,0,0,2012,12,18,Tuesday,0
902,2012-12-19,39,0,0,0,0,2012,12,19,Wednesday,0
903,2012-12-20,50,0,0,0,0,2012,12,20,Thursday,0
904,2012-12-21,45,0,0,0,0,2012,12,21,Friday,0
905,2012-12-22,49,0,0,2,1,2012,12,22,Saturday,0
906,2012-12-23,46,0,0,2,3,2012,12,23,Sunday,1
907,2012-12-24,44,0,0,1,0,2012,12,24,Monday,1
908,2012-12-25,43,0,0,1,1,2012,12,25,Tuesday,0
909,2012-12-26,55,0,0,0,0,2012,12,26,Wednesday,0
910,2012-12-27,48,0,0,1,0,2012,12,27,Thursday,0
911,2012-12-28,41,0,0,1,1,2012,12,28,Friday,0
912,2012-12-29,33,0,0,2,2,2012,12,29,Saturday,0
913,2012-12-30,23,0,0,1,2,2012,12,30,Sunday,0
914,2012-12-31,0,0,1,-1,-1,2012,12,31,Monday,0
915,2013-01-01,0,0,1,-1,-1,2013,1,1,Tuesday,1
916,2013-01-02,0,0,1,-1,-1,2013,1,2,Wednesday,0
917,2013-01-03,0,0,1,-1,-1,2013,1,3,Thursday,0
918,2013-01-04,38,0,0,0,0,2013,1,4,Friday,0
919,2013-01-05,26,0,0,0,0,2013,1,5,Saturday,0
920,2013-01-06,24,0,0,0,0,2013,1,6,Sunday,0
921,2013-01-07,22,0,0,0,0,2013,1,7,Monday,0
922,2013-01-08,12,0,0,0,0,2013,1,8,Tuesday,0
923,2013-01-09,18,0,0,0,0,2013,1,9,Wednesday,0
924,2013-01-10,19,0,0,0,0,2013,1,10,Thursday,0
925,2013-01-11,27,0,0,0,0,2013,1,11,Friday,0
926,2013-01-12,39,0,0,1,0,2013,1,12,Saturday,0
927,2013-01-13,50,0,0,0,0,2013,1,13,Sunday,0
928,2013-01-14,16,0,0,0,0,2013,1,14,Monday,1
929,2013-01-15,31,0,0,0,0,2013,1,15,Tuesday,0
930,2013-01-16,33,0,0,0,0,2013,1,16,Wednesday,0
931,2013-01-17,27,0,0,0,0,2013,1,17,Thursday,0
932,2013-01-18,26,0,0,0,0,2013,1,18,Friday,0
933,2013-01-19,56,0,0,1,1,2013,1,19,Saturday,0
934,2013-01-20,43,0,0,1,0,2013,1,20,Sunday,0
935,2013-01-21,38,0,0,0,0,2013,1,21,Monday,0
936,2013-01-22,21,0,0,0,0,2013,1,22,Tuesday,0
937,2013-01-23,37,0,0,0,0,2013,1,23,Wednesday,0
938,2013-01-24,29,0,0,0,0,2013,1,24,Thursday,0
939,2013-01-25,43,0,0,1,0,2013,1,25,Friday,0
940,2013-01-26,56,0,0,2,1,2013,1,26,Saturday,0
941,2013-01-27,50,0,0,1,1,2013,1,27,Sunday,0
942,2013-01-28,42,0,0,1,0,2013,1,28,Monday,0
943,2013-01-29,42,0,0,1,0,2013,1,29,Tuesday,0
944,2013-01-30,45,0,0,1,0,2013,1,30,Wednesday,0
945,2013-01-31,39,0,0,2,1,2013,1,31,Thursday,0
946,2013-02-01,48,0,0,1,1,2013,2,1,Friday,0
947,2013-02-02,48,0,0,2,1,2013,2,2,Saturday,0
948,2013-02-03,41,0,0,1,1,2013,2,3,Sunday,0
949,2013-02-04,30,0,0,1,0,2013,2,4,Monday,0
950,2013-02-05,29,0,0,1,0,2013,2,5,Tuesday,0
951,2013-02-06,21,0,0,0,0,2013,2,6,Wednesday,0
952,2013-02-07,25,0,0,0,0,2013,2,7,Thursday,0
953,2013-02-08,40,0,0,1,0,2013,2,8,Friday,0
954,2013-02-09,36,0,0,2,1,2013,2,9,Saturday,0
955,2013-02-10,44,0,0,2,2,2013,2,10,Sunday,0
956,2013-02-11,38,0,0,0,0,2013,2,11,Monday,1
957,2013-02-12,43,0,0,0,0,2013,2,12,Tuesday,0
958,2013-02-13,39,0,0,0,0,2013,2,13,Wednesday,0
959,2013-02-14,43,0,0,0,0,2013,2,14,Thursday,0
960,2013-02-15,46,0,0,0,0,2013,2,15,Friday,0
961,2013-02-16,52,0,0,1,1,2013,2,16,Saturday,0
962,2013-02-17,47,0,0,1,0,2013,2,17,Sunday,0
963,2013-02-18,41,0,0,0,0,2013,2,18,Monday,0
964,2013-02-19,36,0,0,0,0,2013,2,19,Tuesday,0
965,2013-02-20,43,0,0,0,0,2013,2,20,Wednesday,0
966,2013-02-21,37,0,0,0,0,2013,2,21,Thursday,0
967,2013-02-22,52,0,0,1,1,2013,2,22,Friday,0
968,2013-02-23,56,0,0,3,2,2013,2,23,Saturday,0
969,2013-02-24,58,0,0,2,1,2013,2,24,Sunday,0
970,2013-02-25,66,0,0,1,1,2013,2,25,Monday,0
971,2013-02-26,61,0,0,1,1,2013,2,26,Tuesday,0
972,2013-02-27,60,0,0,1,1,2013,2,27,Wednesday,0
973,2013-02-28,66,0,0,2,1,2013,2,28,Thursday,0
974,2013-03-01,55,0,0,1,1,2013,3,1,Friday,0
975,2013-03-02,58,0,0,2,1,2013,3,2,Saturday,0
976,2013-03-03,46,0,0,1,1,2013,3,3,Sunday,0
977,2013-03-04,50,0,0,0,0,2013,3,4,Monday,0
978,2013-03-05,43,0,0,0,0,2013,3,5,Tuesday,0
979,2013-03-06,34,0,0,0,0,2013,3,6,Wednesday,0
980,2013-03-07,40,0,0,0,0,2013,3,7,Thursday,0
981,2013-03-08,46,0,0,0,0,2013,3,8,Friday,0
982,2013-03-09,45,0,0,1,1,2013,3,9,Saturday,0
983,2013-03-10,50,0,0,1,1,2013,3,10,Sunday,0
984,2013-03-11,50,0,0,0,0,2013,3,11,Monday,0
985,2013-03-12,53,0,0,0,0,2013,3,12,Tuesday,0
986,2013-03-13,49,0,0,0,0,2013,3,13,Wednesday,0
987,2013-03-14,43,0,0,0,0,2013,3,14,Thursday,0
988,2013-03-15,73,0,0,2,1,2013,3,15,Friday,0
989,2013-03-16,66,0,0,3,2,2013,3,16,Saturday,0
990,2013-03-17,59,0,0,2,2,2013,3,17,Sunday,0
991,2013-03-18,73,0,0,2,2,2013,3,18,Monday,0
992,2013-03-19,68,0,0,2,2,2013,3,19,Tuesday,0
993,2013-03-20,74,0,0,5,4,2013,3,20,Wednesday,1
994,2013-03-21,71,0,0,5,4,2013,3,21,Thursday,0
995,2013-03-22,65,0,0,4,3,2013,3,22,Friday,0
996,2013-03-23,60,0,0,5,4,2013,3,23,Saturday,0
997,2013-03-24,66,0,0,4,3,2013,3,24,Sunday,0
998,2013-03-25,76,0,0,3,3,2013,3,25,Monday,0
999,2013-03-26,81,0,0,3,3,2013,3,26,Tuesday,0
1000,2013-03-27,74,0,0,4,3,2013,3,27,Wednesday,0
1001,2013-03-28,83,0,0,4,4,2013,3,28,Thursday,0
1002,2013-03-29,71,0,0,4,4,2013,3,29,Friday,0
1003,2013-03-30,84,0,0,5,5,2013,3,30,Saturday,0
1004,2013-03-31,69,0,0,5,4,2013,3,31,Sunday,0
1005,2013-04-01,67,0,0,4,2,2013,4,1,Monday,0
1006,2013-04-02,55,0,0,2,1,2013,4,2,Tuesday,0
1007,2013-04-03,59,0,0,2,0,2013,4,3,Wednesday,0
1008,2013-04-04,42,0,0,1,0,2013,4,4,Thursday,0
1009,2013-04-05,43,0,0,0,0,2013,4,5,Friday,0
1010,2013-04-06,60,0,0,3,2,2013,4,6,Saturday,0
1011,2013-04-07,55,0,0,2,1,2013,4,7,Sunday,0
1012,2013-04-08,41,0,0,0,0,2013,4,8,Monday,0
1013,2013-04-09,36,0,0,0,0,2013,4,9,Tuesday,0
1014,2013-04-10,41,0,0,0,0,2013,4,10,Wednesday,0
1015,2013-04-11,27,0,0,0,0,2013,4,11,Thursday,0
1016,2013-04-12,43,0,0,0,0,2013,4,12,Friday,0
1017,2013-04-13,43,0,0,2,2,2013,4,13,Saturday,0
1018,2013-04-14,49,0,0,2,1,2013,4,14,Sunday,0
1019,2013-04-15,44,0,0,0,0,2013,4,15,Monday,0
1020,2013-04-16,29,0,0,0,0,2013,4,16,Tuesday,0
1021,2013-04-17,7,0,0,0,0,2013,4,17,Wednesday,0
1022,2013-04-18,29,0,0,0,0,2013,4,18,Thursday,0
1023,2013-04-19,36,0,0,0,0,2013,4,19,Friday,0
1024,2013-04-20,46,0,0,2,1,2013,4,20,Saturday,0
1025,2013-04-21,44,0,0,1,0,2013,4,21,Sunday,0
1026,2013-04-22,33,0,0,0,0,2013,4,22,Monday,0
1027,2013-04-23,36,0,0,0,0,2013,4,23,Tuesday,0
1028,2013-04-24,37,0,0,0,0,2013,4,24,Wednesday,0
1029,2013-04-25,47,0,0,0,0,2013,4,25,Thursday,0
1030,2013-04-26,42,0,0,1,1,2013,4,26,Friday,0
1031,2013-04-27,52,0,0,2,2,2013,4,27,Saturday,0
1032,2013-04-28,66,0,0,2,1,2013,4,28,Sunday,0
1033,2013-04-29,59,0,0,1,0,2013,4,29,Monday,1
1034,2013-04-30,56,0,0,2,1,2013,4,30,Tuesday,0
1035,2013-05-01,47,0,0,0,0,2013,5,1,Wednesday,0
1036,2013-05-02,27,0,0,0,0,2013,5,2,Thursday,0
1037,2013-05-03,46,0,0,1,1,2013,5,3,Friday,1
1038,2013-05-04,27,0,0,2,1,2013,5,4,Saturday,1
1039,2013-05-05,17,0,0,1,0,2013,5,5,Sunday,1
1040,2013-05-06,24,0,0,0,0,2013,5,6,Monday,1
1041,2013-05-07,30,0,0,0,0,2013,5,7,Tuesday,0
1042,2013-05-08,24,0,0,0,0,2013,5,8,Wednesday,0
1043,2013-05-09,17,0,0,0,0,2013,5,9,Thursday,0
1044,2013-05-10,26,0,0,0,0,2013,5,10,Friday,0
1045,2013-05-11,44,0,0,1,1,2013,5,11,Saturday,0
1046,2013-05-12,38,0,0,0,0,2013,5,12,Sunday,0
1047,2013-05-13,32,0,0,0,0,2013,5,13,Monday,0
1048,2013-05-14,22,0,0,0,0,2013,5,14,Tuesday,0
1049,2013-05-15,24,0,0,0,0,2013,5,15,Wednesday,0
1050,2013-05-16,29,0,0,0,0,2013,5,16,Thursday,0
1051,2013-05-17,38,0,0,1,0,2013,5,17,Friday,0
1052,2013-05-18,47,0,0,1,1,2013,5,18,Saturday,0
1053,2013-05-19,52,0,0,1,0,2013,5,19,Sunday,0
1054,2013-05-20,37,0,0,0,0,2013,5,20,Monday,0
1055,2013-05-21,23,0,0,0,0,2013,5,21,Tuesday,0
1056,2013-05-22,22,0,0,0,0,2013,5,22,Wednesday,0
1057,2013-05-23,26,0,0,0,0,2013,5,23,Thursday,0
1058,2013-05-24,30,0,0,1,1,2013,5,24,Friday,0
1059,2013-05-25,52,0,0,2,1,2013,5,25,Saturday,0
1060,2013-05-26,42,0,0,1,1,2013,5,26,Sunday,0
1061,2013-05-27,47,0,0,0,0,2013,5,27,Monday,0
1062,2013-05-28,32,0,0,0,0,2013,5,28,Tuesday,0
1063,2013-05-29,40,0,0,1,1,2013,5,29,Wednesday,0
1064,2013-05-30,42,0,0,1,0,2013,5,30,Thursday,0
1065,2013-05-31,54,0,0,1,1,2013,5,31,Friday,0
1066,2013-06-01,57,0,0,2,1,2013,6,1,Saturday,0
1067,2013-06-02,42,0,0,1,1,2013,6,2,Sunday,0
1068,2013-06-03,31,0,0,0,0,2013,6,3,Monday,0
1069,2013-06-04,18,0,0,0,0,2013,6,4,Tuesday,0
1070,2013-06-05,18,0,0,0,0,2013,6,5,Wednesday,0
1071,2013-06-06,29,0,0,0,0,2013,6,6,Thursday,0
1072,2013-06-07,21,0,0,0,0,2013,6,7,Friday,0
1073,2013-06-08,40,0,0,1,0,2013,6,8,Saturday,0
1074,2013-06-09,32,0,0,0,0,2013,6,9,Sunday,0
1075,2013-06-10,28,0,0,0,0,2013,6,10,Monday,0
1076,2013-06-11,16,0,0,0,0,2013,6,11,Tuesday,0
1077,2013-06-12,20,0,0,0,0,2013,6,12,Wednesday,0
1078,2013-06-13,29,0,0,0,0,2013,6,13,Thursday,0
1079,2013-06-14,28,0,0,0,0,2013,6,14,Friday,0
1080,2013-06-15,53,0,0,1,1,2013,6,15,Saturday,0
1081,2013-06-16,43,0,0,0,0,2013,6,16,Sunday,0
1082,2013-06-17,36,0,0,0,0,2013,6,17,Monday,0
1083,2013-06-18,24,0,0,0,0,2013,6,18,Tuesday,0
1084,2013-06-19,20,0,0,0,0,2013,6,19,Wednesday,0
1085,2013-06-20,29,0,0,0,0,2013,6,20,Thursday,0
1086,2013-06-21,35,0,0,1,1,2013,6,21,Friday,0
1087,2013-06-22,55,0,0,1,1,2013,6,22,Saturday,0
1088,2013-06-23,56,0,0,1,1,2013,6,23,Sunday,0
1089,2013-06-24,44,0,0,0,0,2013,6,24,Monday,0
1090,2013-06-25,48,0,0,0,0,2013,6,25,Tuesday,0
1091,2013-06-26,40,0,0,0,0,2013,6,26,Wednesday,0
1092,2013-06-27,53,0,0,1,1,2013,6,27,Thursday,0
1093,2013-06-28,61,0,0,1,1,2013,6,28,Friday,0
1094,2013-06-29,84,0,0,2,2,2013,6,29,Saturday,0
1095,2013-06-30,77,0,0,1,1,2013,6,30,Sunday,0
1096,2013-07-01,37,0,0,1,1,2013,7,1,Monday,0
1097,2013-07-02,27,0,0,0,0,2013,7,2,Tuesday,0
1098,2013-07-03,38,0,0,0,0,2013,7,3,Wednesday,0
1099,2013-07-04,22,0,0,0,0,2013,7,4,Thursday,0
1100,2013-07-05,27,0,0,0,0,2013,7,5,Friday,0
1101,2013-07-06,51,0,0,2,1,2013,7,6,Saturday,0
1102,2013-07-07,41,0,0,1,1,2013,7,7,Sunday,0
1103,2013-07-08,37,0,0,0,0,2013,7,8,Monday,0
1104,2013-07-09,20,0,0,0,0,2013,7,9,Tuesday,0
1105,2013-07-10,28,0,0,0,0,2013,7,10,Wednesday,0
1106,2013-07-11,19,0,0,0,0,2013,7,11,Thursday,0
1107,2013-07-12,29,0,0,0,0,2013,7,12,Friday,0
1108,2013-07-13,50,0,0,2,1,2013,7,13,Saturday,0
1109,2013-07-14,45,0,0,2,2,2013,7,14,Sunday,0
1110,2013-07-15,45,0,0,1,0,2013,7,15,Monday,1
1111,2013-07-16,47,0,0,0,0,2013,7,16,Tuesday,0
1112,2013-07-17,24,0,0,0,0,2013,7,17,Wednesday,0
1113,2013-07-18,31,0,0,0,0,2013,7,18,Thursday,0
1114,2013-07-19,42,0,0,1,0,2013,7,19,Friday,0
1115,2013-07-20,47,0,0,1,1,2013,7,20,Saturday,0
1116,2013-07-21,40,0,0,1,0,2013,7,21,Sunday,0
1117,2013-07-22,31,0,0,0,0,2013,7,22,Monday,0
1118,2013-07-23,32,0,0,0,0,2013,7,23,Tuesday,0
1119,2013-07-24,28,0,0,0,0,2013,7,24,Wednesday,0
1120,2013-07-25,48,0,0,1,0,2013,7,25,Thursday,0
1121,2013-07-26,51,0,0,1,1,2013,7,26,Friday,0
1122,2013-07-27,53,0,0,2,2,2013,7,27,Saturday,0
1123,2013-07-28,57,0,0,2,1,2013,7,28,Sunday,0
1124,2013-07-29,53,0,0,0,0,2013,7,29,Monday,0
1125,2013-07-30,57,0,0,1,1,2013,7,30,Tuesday,0
1126,2013-07-31,52,0,0,2,1,2013,7,31,Wednesday,0
1127,2013-08-01,48,0,0,1,0,2013,8,1,Thursday,0
1128,2013-08-02,45,0,0,0,0,2013,8,2,Friday,0
1129,2013-08-03,43,0,0,2,1,2013,8,3,Saturday,0
1130,2013-08-04,39,0,0,1,0,2013,8,4,Sunday,0
1131,2013-08-05,39,0,0,0,0,2013,8,5,Monday,0
1132,2013-08-06,30,0,0,0,0,2013,8,6,Tuesday,0
1133,2013-08-07,30,0,0,0,0,2013,8,7,Wednesday,0
1134,2013-08-08,27,0,0,0,0,2013,8,8,Thursday,0
1135,2013-08-09,30,0,0,0,0,2013,8,9,Friday,0
1136,2013-08-10,43,0,0,1,1,2013,8,10,Saturday,0
1137,2013-08-11,49,0,0,1,0,2013,8,11,Sunday,0
1138,2013-08-12,0,0,1,-1,-1,2013,8,12,Monday,0
1139,2013-08-13,39,0,0,0,0,2013,8,13,Tuesday,0
1140,2013-08-14,30,0,0,0,0,2013,8,14,Wednesday,0
1141,2013-08-15,40,0,0,0,0,2013,8,15,Thursday,0
1142,2013-08-16,39,0,0,0,0,2013,8,16,Friday,0
1143,2013-08-17,37,0,0,1,0,2013,8,17,Saturday,0
1144,2013-08-18,32,0,0,0,0,2013,8,18,Sunday,0
1145,2013-08-19,30,0,0,0,0,2013,8,19,Monday,0
1146,2013-08-20,32,0,0,0,0,2013,8,20,Tuesday,0
1147,2013-08-21,30,0,0,0,0,2013,8,21,Wednesday,0
1148,2013-08-22,37,0,0,0,0,2013,8,22,Thursday,0
1149,2013-08-23,39,0,0,0,0,2013,8,23,Friday,0
1150,2013-08-24,61,0,0,1,1,2013,8,24,Saturday,0
1151,2013-08-25,52,0,0,1,1,2013,8,25,Sunday,0
1152,2013-08-26,44,0,0,0,0,2013,8,26,Monday,0
1153,2013-08-27,46,0,0,0,0,2013,8,27,Tuesday,0
1154,2013-08-28,49,0,0,0,0,2013,8,28,Wednesday,0
1155,2013-08-29,50,0,0,1,0,2013,8,29,Thursday,0
1156,2013-08-30,57,0,0,1,0,2013,8,30,Friday,0
1157,2013-08-31,66,0,0,2,2,2013,8,31,Saturday,0
1158,2013-09-01,54,0,0,2,0,2013,9,1,Sunday,0
1159,2013-09-02,42,0,0,1,0,2013,9,2,Monday,0
1160,2013-09-03,36,0,0,0,0,2013,9,3,Tuesday,0
1161,2013-09-04,24,0,0,0,0,2013,9,4,Wednesday,0
1162,2013-09-05,25,0,0,0,0,2013,9,5,Thursday,0
1163,2013-09-06,23,0,0,0,0,2013,9,6,Friday,0
1164,2013-09-07,38,0,0,1,1,2013,9,7,Saturday,0
1165,2013-09-08,34,0,0,1,1,2013,9,8,Sunday,0
1166,2013-09-09,38,0,0,0,0,2013,9,9,Monday,0
1167,2013-09-10,33,0,0,0,0,2013,9,10,Tuesday,0
1168,2013-09-11,21,0,0,0,0,2013,9,11,Wednesday,0
1169,2013-09-12,29,0,0,0,0,2013,9,12,Thursday,0
1170,2013-09-13,31,0,0,0,0,2013,9,13,Friday,0
1171,2013-09-14,45,0,0,2,1,2013,9,14,Saturday,0
1172,2013-09-15,47,0,0,2,1,2013,9,15,Sunday,0
1173,2013-09-16,31,0,0,0,0,2013,9,16,Monday,1
1174,2013-09-17,34,0,0,0,0,2013,9,17,Tuesday,0
1175,2013-09-18,27,0,0,0,0,2013,9,18,Wednesday,0
1176,2013-09-19,33,0,0,0,0,2013,9,19,Thursday,0
1177,2013-09-20,50,0,0,0,0,2013,9,20,Friday,0
1178,2013-09-21,60,0,0,2,1,2013,9,21,Saturday,0
1179,2013-09-22,60,0,0,2,2,2013,9,22,Sunday,0
1180,2013-09-23,46,0,0,1,1,2013,9,23,Monday,1
1181,2013-09-24,63,0,0,0,0,2013,9,24,Tuesday,0
1182,2013-09-25,53,0,0,0,0,2013,9,25,Wednesday,0
1183,2013-09-26,63,0,0,1,0,2013,9,26,Thursday,0
1184,2013-09-27,61,0,0,1,0,2013,9,27,Friday,0
1185,2013-09-28,58,0,0,2,1,2013,9,28,Saturday,0
1186,2013-09-29,65,0,0,1,1,2013,9,29,Sunday,0
1187,2013-09-30,62,0,0,1,0,2013,9,30,Monday,0
1188,2013-10-01,50,0,0,1,0,2013,10,1,Tuesday,0
1189,2013-10-02,52,0,0,1,0,2013,10,2,Wednesday,0
1190,2013-10-03,36,0,0,0,0,2013,10,3,Thursday,0
1191,2013-10-04,40,0,0,0,0,2013,10,4,Friday,0
1192,2013-10-05,45,0,0,1,1,2013,10,5,Saturday,0
1193,2013-10-06,39,0,0,1,0,2013,10,6,Sunday,0
1194,2013-10-07,35,0,0,0,0,2013,10,7,Monday,0
1195,2013-10-08,22,0,0,0,0,2013,10,8,Tuesday,0
1196,2013-10-09,28,0,0,0,0,2013,10,9,Wednesday,0
1197,2013-10-10,43,0,0,0,0,2013,10,10,Thursday,0
1198,2013-10-11,38,0,0,0,0,2013,10,11,Friday,0
1199,2013-10-12,46,0,0,1,1,2013,10,12,Saturday,0
1200,2013-10-13,52,0,0,2,2,2013,10,13,Sunday,0
1201,2013-10-14,8,0,0,1,0,2013,10,14,Monday,1
1202,2013-10-15,32,0,0,0,0,2013,10,15,Tuesday,0
1203,2013-10-16,29,0,0,0,0,2013,10,16,Wednesday,0
1204,2013-10-17,31,0,0,0,0,2013,10,17,Thursday,0
1205,2013-10-18,32,0,0,0,0,2013,10,18,Friday,0
1206,2013-10-19,43,0,0,2,1,2013,10,19,Saturday,0
1207,2013-10-20,48,0,0,1,1,2013,10,20,Sunday,0
1208,2013-10-21,28,0,0,0,0,2013,10,21,Monday,0
1209,2013-10-22,35,0,0,0,0,2013,10,22,Tuesday,0
1210,2013-10-23,36,0,0,0,0,2013,10,23,Wednesday,0
1211,2013-10-24,39,0,0,0,0,2013,10,24,Thursday,0
1212,2013-10-25,49,0,0,1,0,2013,10,25,Friday,0
1213,2013-10-26,52,0,0,2,1,2013,10,26,Saturday,0
1214,2013-10-27,51,0,0,1,1,2013,10,27,Sunday,0
1215,2013-10-28,46,0,0,1,0,2013,10,28,Monday,0
1216,2013-10-29,42,0,0,1,0,2013,10,29,Tuesday,0
1217,2013-10-30,41,0,0,1,0,2013,10,30,Wednesday,0
1218,2013-10-31,44,0,0,1,1,2013,10,31,Thursday,0
1219,2013-11-01,48,0,0,1,0,2013,11,1,Friday,0
1220,2013-11-02,44,0,0,2,1,2013,11,2,Saturday,0
1221,2013-11-03,37,0,0,1,2,2013,11,3,Sunday,1
1222,2013-11-04,33,0,0,0,0,2013,11,4,Monday,1
1223,2013-11-05,36,0,0,0,0,2013,11,5,Tuesday,0
1224,2013-11-06,26,0,0,0,0,2013,11,6,Wednesday,0
1225,2013-11-07,22,0,0,0,0,2013,11,7,Thursday,0
1226,2013-11-08,29,0,0,0,0,2013,11,8,Friday,0
1227,2013-11-09,38,0,0,1,0,2013,11,9,Saturday,0
1228,2013-11-10,34,0,0,0,0,2013,11,10,Sunday,0
1229,2013-11-11,20,0,0,0,0,2013,11,11,Monday,0
1230,2013-11-12,20,0,0,0,0,2013,11,12,Tuesday,0
1231,2013-11-13,18,0,0,0,0,2013,11,13,Wednesday,0
1232,2013-11-14,30,0,0,0,0,2013,11,14,Thursday,0
1233,2013-11-15,25,0,0,0,0,2013,11,15,Friday,0
1234,2013-11-16,52,0,0,1,1,2013,11,16,Saturday,0
1235,2013-11-17,35,0,0,0,0,2013,11,17,Sunday,0
1236,2013-11-18,26,0,0,0,0,2013,11,18,Monday,0
1237,2013-11-19,21,0,0,0,0,2013,11,19,Tuesday,0
1238,2013-11-20,33,0,0,0,0,2013,11,20,Wednesday,0
1239,2013-11-21,29,0,0,0,0,2013,11,21,Thursday,0
1240,2013-11-22,41,0,0,0,0,2013,11,22,Friday,0
1241,2013-11-23,44,0,0,1,1,2013,11,23,Saturday,1
1242,2013-11-24,39,0,0,1,1,2013,11,24,Sunday,0
1243,2013-11-25,41,0,0,0,0,2013,11,25,Monday,0
1244,2013-11-26,40,0,0,0,0,2013,11,26,Tuesday,0
1245,2013-11-27,39,0,0,0,0,2013,11,27,Wednesday,0
1246,2013-11-28,39,0,0,1,1,2013,11,28,Thursday,0
1247,2013-11-29,48,0,0,1,1,2013,11,29,Friday,0
1248,2013-11-30,47,0,0,2,2,2013,11,30,Saturday,0
1249,2013-12-01,39,0,0,2,1,2013,12,1,Sunday,0
1250,2013-12-02,38,0,0,1,0,2013,12,2,Monday,0
1251,2013-12-03,37,0,0,1,0,2013,12,3,Tuesday,0
1252,2013-12-04,23,0,0,0,0,2013,12,4,Wednesday,0
1253,2013-12-05,27,0,0,0,0,2013,12,5,Thursday,0
1254,2013-12-06,31,0,0,0,0,2013,12,6,Friday,0
1255,2013-12-07,44,0,0,1,1,2013,12,7,Saturday,0
1256,2013-12-08,45,0,0,1,0,2013,12,8,Sunday,0
1257,2013-12-09,32,0,0,0,0,2013,12,9,Monday,0
1258,2013-12-10,26,0,0,0,0,2013,12,10,Tuesday,0
1259,2013-12-11,16,0,0,0,0,2013,12,11,Wednesday,0
1260,2013-12-12,21,0,0,0,0,2013,12,12,Thursday,0
1261,2013-12-13,41,0,0,0,0,2013,12,13,Friday,0
1262,2013-12-14,46,0,0,1,1,2013,12,14,Saturday,0
1263,2013-12-15,44,0,0,1,0,2013,12,15,Sunday,0
1264,2013-12-16,48,0,0,0,0,2013,12,16,Monday,0
1265,2013-12-17,31,0,0,0,0,2013,12,17,Tuesday,0
1266,2013-12-18,39,0,0,0,0,2013,12,18,Wednesday,0
1267,2013-12-19,42,0,0,0,0,2013,12,19,Thursday,0
1268,2013-12-20,55,0,0,1,0,2013,12,20,Friday,0
1269,2013-12-21,45,0,0,2,1,2013,12,21,Saturday,0
1270,2013-12-22,50,0,0,1,1,2013,12,22,Sunday,0
1271,2013-12-23,47,0,0,1,1,2013,12,23,Monday,1
1272,2013-12-24,42,0,0,0,0,2013,12,24,Tuesday,0
1273,2013-12-25,35,0,0,0,0,2013,12,25,Wednesday,0
1274,2013-12-26,43,0,0,1,0,2013,12,26,Thursday,0
1275,2013-12-27,29,0,0,1,1,2013,12,27,Friday,0
1276,2013-12-28,37,0,0,2,2,2013,12,28,Saturday,0
1277,2013-12-29,46,0,0,2,2,2013,12,29,Sunday,0
1278,2013-12-30,25,0,0,1,2,2013,12,30,Monday,0
1279,2013-12-31,0,0,1,-1,-1,2013,12,31,Tuesday,0
1280,2014-01-01,0,0,1,-1,-1,2014,1,1,Wednesday,1
1281,2014-01-02,0,0,1,-1,-1,2014,1,2,Thursday,0
1282,2014-01-03,0,0,1,-1,-1,2014,1,3,Friday,0
1283,2014-01-04,34,0,0,0,0,2014,1,4,Saturday,0
1284,2014-01-05,27,0,0,0,0,2014,1,5,Sunday,0
1285,2014-01-06,31,0,0,0,0,2014,1,6,Monday,0
1286,2014-01-07,16,0,0,0,0,2014,1,7,Tuesday,0
1287,2014-01-08,20,0,0,0,0,2014,1,8,Wednesday,0
1288,2014-01-09,15,0,0,0,0,2014,1,9,Thursday,0
1289,2014-01-10,35,0,0,0,0,2014,1,10,Friday,0
1290,2014-01-11,42,0,0,0,0,2014,1,11,Saturday,0
1291,2014-01-12,44,0,0,0,0,2014,1,12,Sunday,0
1292,2014-01-13,17,0,0,0,0,2014,1,13,Monday,1
1293,2014-01-14,25,0,0,0,0,2014,1,14,Tuesday,0
1294,2014-01-15,30,0,0,0,0,2014,1,15,Wednesday,0
1295,2014-01-16,36,0,0,0,0,2014,1,16,Thursday,0
1296,2014-01-17,32,0,0,0,0,2014,1,17,Friday,0
1297,2014-01-18,50,0,0,1,1,2014,1,18,Saturday,0
1298,2014-01-19,40,0,0,0,0,2014,1,19,Sunday,0
1299,2014-01-20,33,0,0,0,0,2014,1,20,Monday,0
1300,2014-01-21,28,0,0,0,0,2014,1,21,Tuesday,0
1301,2014-01-22,33,0,0,0,0,2014,1,22,Wednesday,0
1302,2014-01-23,24,0,0,0,0,2014,1,23,Thursday,0
1303,2014-01-24,46,0,0,1,0,2014,1,24,Friday,0
1304,2014-01-25,48,0,0,2,1,2014,1,25,Saturday,0
1305,2014-01-26,40,0,0,1,1,2014,1,26,Sunday,0
1306,2014-01-27,37,0,0,0,0,2014,1,27,Monday,0
1307,2014-01-28,34,0,0,0,0,2014,1,28,Tuesday,0
1308,2014-01-29,34,0,0,0,0,2014,1,29,Wednesday,0
1309,2014-01-30,45,0,0,1,1,2014,1,30,Thursday,0
1310,2014-01-31,48,0,0,1,1,2014,1,31,Friday,0
1311,2014-02-01,50,0,0,2,1,2014,2,1,Saturday,0
1312,2014-02-02,44,0,0,1,0,2014,2,2,Sunday,0
1313,2014-02-03,31,0,0,1,1,2014,2,3,Monday,0
1314,2014-02-04,38,0,0,0,0,2014,2,4,Tuesday,0
1315,2014-02-05,24,0,0,0,0,2014,2,5,Wednesday,0
1316,2014-02-06,33,0,0,0,0,2014,2,6,Thursday,0
1317,2014-02-07,32,0,0,1,1,2014,2,7,Friday,0
1318,2014-02-08,32,0,0,1,1,2014,2,8,Saturday,0
1319,2014-02-09,43,0,0,1,0,2014,2,9,Sunday,0
1320,2014-02-10,52,0,0,0,0,2014,2,10,Monday,0
1321,2014-02-11,44,0,0,0,0,2014,2,11,Tuesday,1
1322,2014-02-12,40,0,0,0,0,2014,2,12,Wednesday,0
1323,2014-02-13,40,0,0,0,0,2014,2,13,Thursday,0
1324,2014-02-14,31,0,0,1,0,2014,2,14,Friday,0
1325,2014-02-15,44,0,0,2,2,2014,2,15,Saturday,0
1326,2014-02-16,49,0,0,2,1,2014,2,16,Sunday,0
1327,2014-02-17,42,0,0,0,0,2014,2,17,Monday,0
1328,2014-02-18,40,0,0,0,0,2014,2,18,Tuesday,0
1329,2014-02-19,38,0,0,0,0,2014,2,19,Wednesday,0
1330,2014-02-20,37,0,0,0,0,2014,2,20,Thursday,0
1331,2014-02-21,44,0,0,1,1,2014,2,21,Friday,0
1332,2014-02-22,50,0,0,3,2,2014,2,22,Saturday,0
1333,2014-02-23,55,0,0,2,2,2014,2,23,Sunday,0
1334,2014-02-24,53,0,0,1,1,2014,2,24,Monday,0
1335,2014-02-25,53,0,0,1,0,2014,2,25,Tuesday,0
1336,2014-02-26,51,0,0,1,0,2014,2,26,Wednesday,0
1337,2014-02-27,51,0,0,1,1,2014,2,27,Thursday,0
1338,2014-02-28,56,0,0,2,2,2014,2,28,Friday,0
1339,2014-03-01,55,0,0,2,2,2014,3,1,Saturday,0
1340,2014-03-02,48,0,0,1,1,2014,3,2,Sunday,0
1341,2014-03-03,45,0,0,1,0,2014,3,3,Monday,0
1342,2014-03-04,43,0,0,1,1,2014,3,4,Tuesday,0
1343,2014-03-05,45,0,0,0,0,2014,3,5,Wednesday,0
1344,2014-03-06,46,0,0,0,0,2014,3,6,Thursday,0
1345,2014-03-07,57,0,0,0,0,2014,3,7,Friday,0
1346,2014-03-08,42,0,0,2,1,2014,3,8,Saturday,0
1347,2014-03-09,53,0,0,1,0,2014,3,9,Sunday,0
1348,2014-03-10,42,0,0,0,0,2014,3,10,Monday,0
1349,2014-03-11,42,0,0,0,0,2014,3,11,Tuesday,0
1350,2014-03-12,53,0,0,0,0,2014,3,12,Wednesday,0
1351,2014-03-13,56,0,0,1,0,2014,3,13,Thursday,0
1352,2014-03-14,43,0,0,1,1,2014,3,14,Friday,0
1353,2014-03-15,70,0,0,3,2,2014,3,15,Saturday,0
1354,2014-03-16,84,0,0,3,2,2014,3,16,Sunday,0
1355,2014-03-17,77,0,0,2,1,2014,3,17,Monday,0
1356,2014-03-18,75,0,0,2,1,2014,3,18,Tuesday,0
1357,2014-03-19,63,0,0,2,2,2014,3,19,Wednesday,0
1358,2014-03-20,81,0,0,2,2,2014,3,20,Thursday,0
1359,2014-03-21,78,0,0,3,3,2014,3,21,Friday,1
1360,2014-03-22,69,0,0,5,4,2014,3,22,Saturday,0
1361,2014-03-23,77,0,0,4,3,2014,3,23,Sunday,0
1362,2014-03-24,81,0,0,3,3,2014,3,24,Monday,0
1363,2014-03-25,72,0,0,5,5,2014,3,25,Tuesday,0
1364,2014-03-26,88,0,0,5,5,2014,3,26,Wednesday,0
1365,2014-03-27,69,0,0,5,4,2014,3,27,Thursday,0
1366,2014-03-28,62,0,0,4,4,2014,3,28,Friday,0
1367,2014-03-29,58,0,0,5,5,2014,3,29,Saturday,0
1368,2014-03-30,46,0,0,5,5,2014,3,30,Sunday,0
1369,2014-03-31,53,0,0,4,5,2014,3,31,Monday,0
1370,2014-04-01,44,0,0,4,4,2014,4,1,Tuesday,0
1371,2014-04-02,41,0,0,3,2,2014,4,2,Wednesday,0
1372,2014-04-03,57,0,0,1,1,2014,4,3,Thursday,0
1373,2014-04-04,48,0,0,1,1,2014,4,4,Friday,0
1374,2014-04-05,56,0,0,5,4,2014,4,5,Saturday,0
1375,2014-04-06,45,0,0,4,3,2014,4,6,Sunday,0
1376,2014-04-07,48,0,0,1,1,2014,4,7,Monday,0
1377,2014-04-08,45,0,0,1,0,2014,4,8,Tuesday,0
1378,2014-04-09,41,0,0,0,0,2014,4,9,Wednesday,0
1379,2014-04-10,45,0,0,0,0,2014,4,10,Thursday,0
1380,2014-04-11,45,0,0,1,1,2014,4,11,Friday,0
1381,2014-04-12,60,0,0,3,2,2014,4,12,Saturday,0
1382,2014-04-13,56,0,0,2,1,2014,4,13,Sunday,0
1383,2014-04-14,38,0,0,0,0,2014,4,14,Monday,0
1384,2014-04-15,32,0,0,0,0,2014,4,15,Tuesday,0
1385,2014-04-16,44,0,0,0,0,2014,4,16,Wednesday,0
1386,2014-04-17,23,0,0,0,0,2014,4,17,Thursday,0
1387,2014-04-18,38,0,0,1,0,2014,4,18,Friday,0
1388,2014-04-19,52,0,0,2,2,2014,4,19,Saturday,0
1389,2014-04-20,48,0,0,2,1,2014,4,20,Sunday,0
1390,2014-04-21,45,0,0,0,0,2014,4,21,Monday,0
1391,2014-04-22,39,0,0,0,0,2014,4,22,Tuesday,0
1392,2014-04-23,32,0,0,0,0,2014,4,23,Wednesday,0
1393,2014-04-24,47,0,0,0,0,2014,4,24,Thursday,0
1394,2014-04-25,47,0,0,1,1,2014,4,25,Friday,0
1395,2014-04-26,51,0,0,4,3,2014,4,26,Saturday,0
1396,2014-04-27,58,0,0,2,2,2014,4,27,Sunday,0
1397,2014-04-28,54,0,0,1,1,2014,4,28,Monday,0
1398,2014-04-29,56,0,0,2,1,2014,4,29,Tuesday,1
1399,2014-04-30,47,0,0,2,1,2014,4,30,Wednesday,0
1400,2014-05-01,47,0,0,1,0,2014,5,1,Thursday,0
1401,2014-05-02,33,0,0,0,0,2014,5,2,Friday,0
1402,2014-05-03,34,0,0,2,1,2014,5,3,Saturday,1
1403,2014-05-04,37,0,0,2,0,2014,5,4,Sunday,1
1404,2014-05-05,39,0,0,1,0,2014,5,5,Monday,1
1405,2014-05-06,30,0,0,0,0,2014,5,6,Tuesday,1
1406,2014-05-07,28,0,0,0,0,2014,5,7,Wednesday,0
1407,2014-05-08,24,0,0,0,0,2014,5,8,Thursday,0
1408,2014-05-09,27,0,0,0,0,2014,5,9,Friday,0
1409,2014-05-10,41,0,0,1,0,2014,5,10,Saturday,0
1410,2014-05-11,28,0,0,0,0,2014,5,11,Sunday,0
1411,2014-05-12,21,0,0,0,0,2014,5,12,Monday,0
1412,2014-05-13,18,0,0,0,0,2014,5,13,Tuesday,0
1413,2014-05-14,24,0,0,0,0,2014,5,14,Wednesday,0
1414,2014-05-15,28,0,0,0,0,2014,5,15,Thursday,0
1415,2014-05-16,19,0,0,0,0,2014,5,16,Friday,0
1416,2014-05-17,43,0,0,1,1,2014,5,17,Saturday,0
1417,2014-05-18,42,0,0,1,0,2014,5,18,Sunday,0
1418,2014-05-19,27,0,0,0,0,2014,5,19,Monday,0
1419,2014-05-20,19,1,0,0,0,2014,5,20,Tuesday,0
1420,2014-05-21,32,0,0,0,0,2014,5,21,Wednesday,0
1421,2014-05-22,29,0,0,0,0,2014,5,22,Thursday,0
1422,2014-05-23,30,0,0,1,0,2014,5,23,Friday,0
1423,2014-05-24,45,0,0,2,1,2014,5,24,Saturday,0
1424,2014-05-25,35,0,0,1,1,2014,5,25,Sunday,0
1425,2014-05-26,34,0,0,1,0,2014,5,26,Monday,0
1426,2014-05-27,36,0,0,1,0,2014,5,27,Tuesday,0
1427,2014-05-28,37,0,0,1,0,2014,5,28,Wednesday,0
1428,2014-05-29,45,0,0,1,1,2014,5,29,Thursday,0
1429,2014-05-30,36,0,0,1,1,2014,5,30,Friday,0
1430,2014-05-31,49,0,0,2,2,2014,5,31,Saturday,0
1431,2014-06-01,45,0,0,1,1,2014,6,1,Sunday,0
1432,2014-06-02,35,0,0,0,0,2014,6,2,Monday,0
1433,2014-06-03,24,0,0,0,0,2014,6,3,Tuesday,0
1434,2014-06-04,24,0,0,0,0,2014,6,4,Wednesday,0
1435,2014-06-05,26,0,0,0,0,2014,6,5,Thursday,0
1436,2014-06-06,34,0,0,0,0,2014,6,6,Friday,0
1437,2014-06-07,36,0,0,2,1,2014,6,7,Saturday,0
1438,2014-06-08,32,0,0,1,0,2014,6,8,Sunday,0
1439,2014-06-09,27,0,0,0,0,2014,6,9,Monday,0
1440,2014-06-10,26,0,0,0,0,2014,6,10,Tuesday,0
1441,2014-06-11,16,0,0,0,0,2014,6,11,Wednesday,0
1442,2014-06-12,16,0,0,0,0,2014,6,12,Thursday,0
1443,2014-06-13,30,0,0,0,0,2014,6,13,Friday,0
1444,2014-06-14,45,1,0,1,1,2014,6,14,Saturday,0
1445,2014-06-15,40,0,0,1,0,2014,6,15,Sunday,0
1446,2014-06-16,35,0,0,0,0,2014,6,16,Monday,0
1447,2014-06-17,26,0,0,0,0,2014,6,17,Tuesday,0
1448,2014-06-18,22,0,0,0,0,2014,6,18,Wednesday,0
1449,2014-06-19,26,0,0,0,0,2014,6,19,Thursday,0
1450,2014-06-20,35,0,0,0,0,2014,6,20,Friday,0
1451,2014-06-21,48,0,0,1,1,2014,6,21,Saturday,0
1452,2014-06-22,46,0,0,2,1,2014,6,22,Sunday,0
1453,2014-06-23,42,0,0,0,0,2014,6,23,Monday,0
1454,2014-06-24,34,0,0,0,0,2014,6,24,Tuesday,0
1455,2014-06-25,35,0,0,0,0,2014,6,25,Wednesday,0
1456,2014-06-26,33,0,0,0,0,2014,6,26,Thursday,0
1457,2014-06-27,48,0,0,1,1,2014,6,27,Friday,0
1458,2014-06-28,56,0,0,2,2,2014,6,28,Saturday,0
1459,2014-06-29,58,0,0,2,0,2014,6,29,Sunday,0
1460,2014-06-30,52,0,0,1,1,2014,6,30,Monday,0
1461,2014-07-01,48,0,0,1,1,2014,7,1,Tuesday,0
1462,2014-07-02,39,0,0,1,0,2014,7,2,Wednesday,0
1463,2014-07-03,26,0,0,0,0,2014,7,3,Thursday,0
1464,2014-07-04,38,0,0,0,0,2014,7,4,Friday,0
1465,2014-07-05,38,0,0,2,1,2014,7,5,Saturday,0
1466,2014-07-06,46,0,0,1,1,2014,7,6,Sunday,0
1467,2014-07-07,34,0,0,0,0,2014,7,7,Monday,0
1468,2014-07-08,34,0,0,0,0,2014,7,8,Tuesday,0
1469,2014-07-09,27,0,0,0,0,2014,7,9,Wednesday,0
1470,2014-07-10,30,1,0,0,0,2014,7,10,Thursday,0
1471,2014-07-11,31,0,0,0,0,2014,7,11,Friday,0
1472,2014-07-12,46,0,0,2,0,2014,7,12,Saturday,0
1473,2014-07-13,47,0,0,1,1,2014,7,13,Sunday,0
1474,2014-07-14,34,0,0,0,0,2014,7,14,Monday,0
1475,2014-07-15,33,0,0,0,0,2014,7,15,Tuesday,0
1476,2014-07-16,34,0,0,0,0,2014,7,16,Wednesday,0
1477,2014-07-17,32,0,0,0,0,2014,7,17,Thursday,0
1478,2014-07-18,31,0,0,1,0,2014,7,18,Friday,0
1479,2014-07-19,41,1,0,2,1,2014,7,19,Saturday,0
1480,2014-07-20,46,0,0,2,1,2014,7,20,Sunday,0
1481,2014-07-21,49,0,0,0,0,2014,7,21,Monday,1
1482,2014-07-22,39,0,0,0,0,2014,7,22,Tuesday,0
1483,2014-07-23,40,1,0,0,0,2014,7,23,Wednesday,0
1484,2014-07-24,44,0,0,0,0,2014,7,24,Thursday,0
1485,2014-07-25,34,0,0,1,1,2014,7,25,Friday,0
1486,2014-07-26,44,0,0,3,2,2014,7,26,Saturday,0
1487,2014-07-27,45,0,0,2,2,2014,7,27,Sunday,0
1488,2014-07-28,45,0,0,1,1,2014,7,28,Monday,0
1489,2014-07-29,48,0,0,1,1,2014,7,29,Tuesday,0
1490,2014-07-30,43,0,0,1,1,2014,7,30,Wednesday,0
1491,2014-07-31,42,0,0,2,1,2014,7,31,Thursday,0
1492,2014-08-01,42,0,0,1,1,2014,8,1,Friday,0
1493,2014-08-02,39,0,0,2,1,2014,8,2,Saturday,0
1494,2014-08-03,43,0,0,1,1,2014,8,3,Sunday,0
1495,2014-08-04,37,0,0,0,0,2014,8,4,Monday,0
1496,2014-08-05,35,0,0,0,0,2014,8,5,Tuesday,0
1497,2014-08-06,26,0,0,0,0,2014,8,6,Wednesday,0
1498,2014-08-07,31,0,0,0,0,2014,8,7,Thursday,0
1499,2014-08-08,29,0,0,0,0,2014,8,8,Friday,0
1500,2014-08-09,44,0,0,1,1,2014,8,9,Saturday,0
1501,2014-08-10,40,0,0,1,0,2014,8,10,Sunday,0
1502,2014-08-11,37,0,0,0,0,2014,8,11,Monday,0
1503,2014-08-12,0,0,1,-1,-1,2014,8,12,Tuesday,0
1504,2014-08-13,42,0,0,0,0,2014,8,13,Wednesday,0
1505,2014-08-14,36,0,0,0,0,2014,8,14,Thursday,0
1506,2014-08-15,33,0,0,0,0,2014,8,15,Friday,0
1507,2014-08-16,37,0,0,0,0,2014,8,16,Saturday,0
1508,2014-08-17,36,0,0,0,0,2014,8,17,Sunday,0
1509,2014-08-18,31,0,0,0,0,2014,8,18,Monday,0
1510,2014-08-19,33,0,0,0,0,2014,8,19,Tuesday,0
1511,2014-08-20,29,0,0,0,0,2014,8,20,Wednesday,0
1512,2014-08-21,27,0,0,0,0,2014,8,21,Thursday,0
1513,2014-08-22,28,0,0,0,0,2014,8,22,Friday,0
1514,2014-08-23,43,0,0,1,1,2014,8,23,Saturday,0
1515,2014-08-24,48,0,0,1,1,2014,8,24,Sunday,0
1516,2014-08-25,38,0,0,0,0,2014,8,25,Monday,0
1517,2014-08-26,48,0,0,0,0,2014,8,26,Tuesday,0
1518,2014-08-27,41,0,0,0,0,2014,8,27,Wednesday,0
1519,2014-08-28,47,0,0,1,1,2014,8,28,Thursday,0
1520,2014-08-29,53,0,0,1,1,2014,8,29,Friday,0
1521,2014-08-30,49,0,0,2,1,2014,8,30,Saturday,0
1522,2014-08-31,57,0,0,1,1,2014,8,31,Sunday,0
1523,2014-09-01,45,0,0,1,1,2014,9,1,Monday,0
1524,2014-09-02,24,0,0,0,0,2014,9,2,Tuesday,0
1525,2014-09-03,29,0,0,0,0,2014,9,3,Wednesday,0
1526,2014-09-04,27,0,0,0,0,2014,9,4,Thursday,0
1527,2014-09-05,30,0,0,1,0,2014,9,5,Friday,0
1528,2014-09-06,37,0,0,1,1,2014,9,6,Saturday,0
1529,2014-09-07,36,0,0,1,1,2014,9,7,Sunday,0
1530,2014-09-08,24,0,0,0,0,2014,9,8,Monday,0
1531,2014-09-09,26,0,0,0,0,2014,9,9,Tuesday,0
1532,2014-09-10,36,0,0,0,0,2014,9,10,Wednesday,0
1533,2014-09-11,38,0,0,0,0,2014,9,11,Thursday,0
1534,2014-09-12,34,0,0,0,0,2014,9,12,Friday,0
1535,2014-09-13,39,0,0,2,1,2014,9,13,Saturday,0
1536,2014-09-14,42,0,0,2,2,2014,9,14,Sunday,0
1537,2014-09-15,35,0,0,1,0,2014,9,15,Monday,1
1538,2014-09-16,38,0,0,0,0,2014,9,16,Tuesday,0
1539,2014-09-17,29,0,0,0,0,2014,9,17,Wednesday,0
1540,2014-09-18,34,0,0,0,0,2014,9,18,Thursday,0
1541,2014-09-19,33,1,0,0,0,2014,9,19,Friday,0
1542,2014-09-20,50,0,0,2,1,2014,9,20,Saturday,0
1543,2014-09-21,51,0,0,2,2,2014,9,21,Sunday,0
1544,2014-09-22,47,0,0,1,1,2014,9,22,Monday,0
1545,2014-09-23,49,0,0,1,0,2014,9,23,Tuesday,1
1546,2014-09-24,51,0,0,0,0,2014,9,24,Wednesday,0
1547,2014-09-25,48,0,0,0,0,2014,9,25,Thursday,0
1548,2014-09-26,44,0,0,1,1,2014,9,26,Friday,0
1549,2014-09-27,54,0,0,3,2,2014,9,27,Saturday,0
1550,2014-09-28,57,0,0,2,2,2014,9,28,Sunday,0
1551,2014-09-29,48,0,0,1,1,2014,9,29,Monday,0
1552,2014-09-30,56,1,0,1,1,2014,9,30,Tuesday,0
1553,2014-10-01,41,0,0,1,0,2014,10,1,Wednesday,0
1554,2014-10-02,36,0,0,1,0,2014,10,2,Thursday,0
1555,2014-10-03,40,0,0,0,0,2014,10,3,Friday,0
1556,2014-10-04,57,0,0,2,1,2014,10,4,Saturday,0
1557,2014-10-05,43,0,0,1,0,2014,10,5,Sunday,0
1558,2014-10-06,29,0,0,0,0,2014,10,6,Monday,0
1559,2014-10-07,29,0,0,0,0,2014,10,7,Tuesday,0
1560,2014-10-08,37,0,0,0,0,2014,10,8,Wednesday,0
1561,2014-10-09,28,0,0,0,0,2014,10,9,Thursday,0
1562,2014-10-10,39,0,0,0,0,2014,10,10,Friday,0
1563,2014-10-11,47,0,0,2,1,2014,10,11,Saturday,0
1564,2014-10-12,44,1,0,2,2,2014,10,12,Sunday,0
1565,2014-10-13,28,1,0,0,0,2014,10,13,Monday,1
1566,2014-10-14,37,0,0,0,0,2014,10,14,Tuesday,0
1567,2014-10-15,38,0,0,0,0,2014,10,15,Wednesday,0
1568,2014-10-16,36,0,0,0,0,2014,10,16,Thursday,0
1569,2014-10-17,35,0,0,0,0,2014,10,17,Friday,0
1570,2014-10-18,49,0,0,1,1,2014,10,18,Saturday,0
1571,2014-10-19,41,0,0,1,0,2014,10,19,Sunday,0
1572,2014-10-20,41,0,0,1,0,2014,10,20,Monday,0
1573,2014-10-21,25,0,0,0,0,2014,10,21,Tuesday,0
1574,2014-10-22,33,0,0,0,0,2014,10,22,Wednesday,0
1575,2014-10-23,38,0,0,0,0,2014,10,23,Thursday,0
1576,2014-10-24,38,0,0,1,0,2014,10,24,Friday,0
1577,2014-10-25,41,0,0,2,1,2014,10,25,Saturday,0
1578,2014-10-26,53,0,0,2,1,2014,10,26,Sunday,0
1579,2014-10-27,43,0,0,1,1,2014,10,27,Monday,0
1580,2014-10-28,35,0,0,1,1,2014,10,28,Tuesday,0
1581,2014-10-29,42,0,0,1,1,2014,10,29,Wednesday,0
1582,2014-10-30,47,0,0,1,1,2014,10,30,Thursday,0
1583,2014-10-31,53,0,0,2,1,2014,10,31,Friday,0
1584,2014-11-01,58,0,0,2,1,2014,11,1,Saturday,0
1585,2014-11-02,50,0,0,1,1,2014,11,2,Sunday,0
1586,2014-11-03,41,0,0,0,0,2014,11,3,Monday,1
1587,2014-11-04,36,0,0,0,0,2014,11,4,Tuesday,0
1588,2014-11-05,26,0,0,0,0,2014,11,5,Wednesday,0
1589,2014-11-06,24,0,0,0,0,2014,11,6,Thursday,0
1590,2014-11-07,33,0,0,0,0,2014,11,7,Friday,0
1591,2014-11-08,31,0,0,1,1,2014,11,8,Saturday,0
1592,2014-11-09,25,0,0,0,0,2014,11,9,Sunday,0
1593,2014-11-10,27,0,0,0,0,2014,11,10,Monday,0
1594,2014-11-11,22,0,0,0,0,2014,11,11,Tuesday,0
1595,2014-11-12,17,0,0,0,0,2014,11,12,Wednesday,0
1596,2014-11-13,20,0,0,0,0,2014,11,13,Thursday,0
1597,2014-11-14,31,0,0,0,0,2014,11,14,Friday,0
1598,2014-11-15,45,0,0,1,1,2014,11,15,Saturday,0
1599,2014-11-16,33,0,0,0,0,2014,11,16,Sunday,0
1600,2014-11-17,35,0,0,0,0,2014,11,17,Monday,0
1601,2014-11-18,34,0,0,0,0,2014,11,18,Tuesday,0
1602,2014-11-19,40,0,0,0,0,2014,11,19,Wednesday,0
1603,2014-11-20,43,0,0,0,0,2014,11,20,Thursday,0
1604,2014-11-21,45,0,0,0,0,2014,11,21,Friday,0
1605,2014-11-22,46,0,0,2,1,2014,11,22,Saturday,0
1606,2014-11-23,39,0,0,2,2,2014,11,23,Sunday,1
1607,2014-11-24,38,0,0,1,0,2014,11,24,Monday,1
1608,2014-11-25,44,0,0,0,0,2014,11,25,Tuesday,0
1609,2014-11-26,44,0,0,0,0,2014,11,26,Wednesday,0
1610,2014-11-27,47,0,0,1,0,2014,11,27,Thursday,0
1611,2014-11-28,53,1,0,1,1,2014,11,28,Friday,0
1612,2014-11-29,50,1,0,2,2,2014,11,29,Saturday,0
1613,2014-11-30,59,1,0,2,1,2014,11,30,Sunday,0
1614,2014-12-01,34,1,0,1,1,2014,12,1,Monday,0
1615,2014-12-02,36,1,0,2,0,2014,12,2,Tuesday,0
1616,2014-12-03,36,1,0,0,0,2014,12,3,Wednesday,0
1617,2014-12-04,32,1,0,0,0,2014,12,4,Thursday,0
1618,2014-12-05,31,1,0,1,1,2014,12,5,Friday,0
1619,2014-12-06,39,1,0,2,1,2014,12,6,Saturday,0
1620,2014-12-07,39,1,0,1,0,2014,12,7,Sunday,0
1621,2014-12-08,34,1,0,0,0,2014,12,8,Monday,0
1622,2014-12-09,22,1,0,0,0,2014,12,9,Tuesday,0
1623,2014-12-10,29,1,0,0,0,2014,12,10,Wednesday,0
1624,2014-12-11,25,1,0,0,0,2014,12,11,Thursday,0
1625,2014-12-12,35,1,0,1,0,2014,12,12,Friday,0
1626,2014-12-13,39,1,0,1,1,2014,12,13,Saturday,0
1627,2014-12-14,35,1,0,1,0,2014,12,14,Sunday,0
1628,2014-12-15,28,1,0,0,0,2014,12,15,Monday,0
1629,2014-12-16,40,1,0,0,0,2014,12,16,Tuesday,0
1630,2014-12-17,41,1,0,0,0,2014,12,17,Wednesday,0
1631,2014-12-18,35,1,0,0,0,2014,12,18,Thursday,0
1632,2014-12-19,37,0,0,1,0,2014,12,19,Friday,0
1633,2014-12-20,39,1,0,2,1,2014,12,20,Saturday,0
1634,2014-12-21,49,1,0,2,2,2014,12,21,Sunday,0
1635,2014-12-22,43,1,0,1,1,2014,12,22,Monday,0
1636,2014-12-23,46,0,0,1,0,2014,12,23,Tuesday,1
1637,2014-12-24,45,1,0,0,0,2014,12,24,Wednesday,0
1638,2014-12-25,52,1,0,0,0,2014,12,25,Thursday,0
1639,2014-12-26,41,1,0,1,0,2014,12,26,Friday,0
1640,2014-12-27,37,1,0,3,2,2014,12,27,Saturday,0
1641,2014-12-28,38,1,0,2,2,2014,12,28,Sunday,0
1642,2014-12-29,42,0,0,1,1,2014,12,29,Monday,0
1643,2014-12-30,17,0,0,1,2,2014,12,30,Tuesday,0
1644,2014-12-31,0,0,1,-1,-1,2014,12,31,Wednesday,0
1645,2015-01-01,0,0,1,-1,-1,2015,1,1,Thursday,1
1646,2015-01-02,0,0,1,-1,-1,2015,1,2,Friday,0
1647,2015-01-03,0,0,1,-1,-1,2015,1,3,Saturday,0
1648,2015-01-04,36,0,0,0,0,2015,1,4,Sunday,0
1649,2015-01-05,20,0,0,0,0,2015,1,5,Monday,0
1650,2015-01-06,20,0,0,0,0,2015,1,6,Tuesday,0
1651,2015-01-07,19,0,0,0,0,2015,1,7,Wednesday,0
1652,2015-01-08,24,1,0,0,0,2015,1,8,Thursday,0
1653,2015-01-09,30,0,0,0,0,2015,1,9,Friday,0
1654,2015-01-10,46,1,0,0,0,2015,1,10,Saturday,0
1655,2015-01-11,39,1,0,0,0,2015,1,11,Sunday,0
1656,2015-01-12,30,0,0,0,0,2015,1,12,Monday,1
1657,2015-01-13,29,0,0,0,0,2015,1,13,Tuesday,0
1658,2015-01-14,29,1,0,0,0,2015,1,14,Wednesday,0
1659,2015-01-15,30,1,0,0,0,2015,1,15,Thursday,0
1660,2015-01-16,33,0,0,0,0,2015,1,16,Friday,0
1661,2015-01-17,41,0,0,1,0,2015,1,17,Saturday,0
1662,2015-01-18,35,0,0,0,0,2015,1,18,Sunday,0
1663,2015-01-19,32,0,0,0,0,2015,1,19,Monday,0
1664,2015-01-20,29,0,0,0,0,2015,1,20,Tuesday,0
1665,2015-01-21,25,0,0,0,0,2015,1,21,Wednesday,0
1666,2015-01-22,30,1,0,0,0,2015,1,22,Thursday,0
1667,2015-01-23,31,0,0,1,0,2015,1,23,Friday,0
1668,2015-01-24,56,0,0,1,1,2015,1,24,Saturday,0
1669,2015-01-25,48,0,0,1,1,2015,1,25,Sunday,0
1670,2015-01-26,36,0,0,0,0,2015,1,26,Monday,0
1671,2015-01-27,37,0,0,0,0,2015,1,27,Tuesday,0
1672,2015-01-28,44,0,0,0,0,2015,1,28,Wednesday,0
1673,2015-01-29,37,0,0,1,0,2015,1,29,Thursday,0
1674,2015-01-30,50,0,0,1,1,2015,1,30,Friday,0
1675,2015-01-31,63,1,0,2,1,2015,1,31,Saturday,0
1676,2015-02-01,49,0,0,2,1,2015,2,1,Sunday,0
1677,2015-02-02,39,0,0,1,0,2015,2,2,Monday,0
1678,2015-02-03,33,0,0,0,0,2015,2,3,Tuesday,0
1679,2015-02-04,33,0,0,0,0,2015,2,4,Wednesday,0
1680,2015-02-05,22,0,0,0,0,2015,2,5,Thursday,0
1681,2015-02-06,31,1,0,1,0,2015,2,6,Friday,0
1682,2015-02-07,40,0,0,2,1,2015,2,7,Saturday,0
1683,2015-02-08,44,0,0,1,1,2015,2,8,Sunday,0
1684,2015-02-09,39,0,0,0,0,2015,2,9,Monday,0
1685,2015-02-10,43,0,0,0,0,2015,2,10,Tuesday,0
1686,2015-02-11,36,0,0,0,0,2015,2,11,Wednesday,1
1687,2015-02-12,35,0,0,0,0,2015,2,12,Thursday,0
1688,2015-02-13,31,0,0,0,0,2015,2,13,Friday,0
1689,2015-02-14,53,0,0,1,1,2015,2,14,Saturday,0
1690,2015-02-15,47,0,0,1,0,2015,2,15,Sunday,0
1691,2015-02-16,45,0,0,0,0,2015,2,16,Monday,0
1692,2015-02-17,35,0,0,0,0,2015,2,17,Tuesday,0
1693,2015-02-18,50,1,0,0,0,2015,2,18,Wednesday,0
1694,2015-02-19,35,0,0,0,0,2015,2,19,Thursday,0
1695,2015-02-20,45,0,0,1,0,2015,2,20,Friday,0
1696,2015-02-21,64,0,0,2,2,2015,2,21,Saturday,0
1697,2015-02-22,53,0,0,2,1,2015,2,22,Sunday,0
1698,2015-02-23,60,1,0,1,1,2015,2,23,Monday,0
1699,2015-02-24,48,0,0,0,0,2015,2,24,Tuesday,0
1700,2015-02-25,53,0,0,1,0,2015,2,25,Wednesday,0
1701,2015-02-26,57,0,0,1,1,2015,2,26,Thursday,0
1702,2015-02-27,72,1,0,1,1,2015,2,27,Friday,0
1703,2015-02-28,86,0,0,3,2,2015,2,28,Saturday,0
1704,2015-03-01,61,0,0,2,1,2015,3,1,Sunday,0
1705,2015-03-02,42,0,0,1,1,2015,3,2,Monday,0
1706,2015-03-03,51,0,0,1,0,2015,3,3,Tuesday,0
1707,2015-03-04,46,0,0,1,0,2015,3,4,Wednesday,0
1708,2015-03-05,47,0,0,1,0,2015,3,5,Thursday,0
1709,2015-03-06,53,0,0,1,1,2015,3,6,Friday,0
1710,2015-03-07,41,1,0,2,1,2015,3,7,Saturday,0
1711,2015-03-08,48,0,0,1,1,2015,3,8,Sunday,0
1712,2015-03-09,46,0,0,0,0,2015,3,9,Monday,0
1713,2015-03-10,49,0,0,0,0,2015,3,10,Tuesday,0
1714,2015-03-11,54,0,0,0,0,2015,3,11,Wednesday,0
1715,2015-03-12,56,0,0,1,1,2015,3,12,Thursday,0
1716,2015-03-13,53,0,0,1,1,2015,3,13,Friday,0
1717,2015-03-14,72,1,0,2,2,2015,3,14,Saturday,0
1718,2015-03-15,68,1,0,2,2,2015,3,15,Sunday,0
1719,2015-03-16,91,0,0,2,2,2015,3,16,Monday,0
1720,2015-03-17,93,0,0,1,1,2015,3,17,Tuesday,0
1721,2015-03-18,84,0,0,1,1,2015,3,18,Wednesday,0
1722,2015-03-19,97,0,0,1,1,2015,3,19,Thursday,0
1723,2015-03-20,88,0,0,1,1,2015,3,20,Friday,0
1724,2015-03-21,83,1,0,3,3,2015,3,21,Saturday,1
1725,2015-03-22,84,0,0,3,2,2015,3,22,Sunday,0
1726,2015-03-23,88,0,0,4,2,2015,3,23,Monday,0
1727,2015-03-24,109,0,0,5,2,2015,3,24,Tuesday,0
1728,2015-03-25,78,0,0,5,4,2015,3,25,Wednesday,0
1729,2015-03-26,85,0,0,4,4,2015,3,26,Thursday,0
1730,2015-03-27,95,0,0,4,4,2015,3,27,Friday,0
1731,2015-03-28,88,1,0,5,5,2015,3,28,Saturday,0
1732,2015-03-29,96,0,0,5,4,2015,3,29,Sunday,0
1733,2015-03-30,87,1,0,4,3,2015,3,30,Monday,0
1734,2015-03-31,75,1,0,4,3,2015,3,31,Tuesday,0
1735,2015-04-01,61,1,0,3,3,2015,4,1,Wednesday,0
1736,2015-04-02,60,1,0,2,2,2015,4,2,Thursday,0
1737,2015-04-03,75,1,0,2,1,2015,4,3,Friday,0
1738,2015-04-04,86,1,0,4,3,2015,4,4,Saturday,0
1739,2015-04-05,69,1,0,2,2,2015,4,5,Sunday,0
1740,2015-04-06,61,1,0,1,1,2015,4,6,Monday,0
1741,2015-04-07,54,1,0,1,1,2015,4,7,Tuesday,0
1742,2015-04-08,55,0,0,0,0,2015,4,8,Wednesday,0
1743,2015-04-09,57,1,0,0,0,2015,4,9,Thursday,0
1744,2015-04-10,68,1,0,1,1,2015,4,10,Friday,0
1745,2015-04-11,69,1,0,3,3,2015,4,11,Saturday,0
1746,2015-04-12,59,1,0,2,1,2015,4,12,Sunday,0
1747,2015-04-13,49,1,0,0,0,2015,4,13,Monday,0
1748,2015-04-14,34,0,0,0,0,2015,4,14,Tuesday,0
1749,2015-04-15,47,1,0,0,0,2015,4,15,Wednesday,0
1750,2015-04-16,32,1,0,0,0,2015,4,16,Thursday,0
1751,2015-04-17,41,1,0,1,1,2015,4,17,Friday,0
1752,2015-04-18,52,1,0,2,2,2015,4,18,Saturday,0
1753,2015-04-19,50,1,0,2,0,2015,4,19,Sunday,0
1754,2015-04-20,34,0,0,0,0,2015,4,20,Monday,0
1755,2015-04-21,39,0,0,0,0,2015,4,21,Tuesday,0
1756,2015-04-22,55,0,0,0,0,2015,4,22,Wednesday,0
1757,2015-04-23,39,0,0,0,0,2015,4,23,Thursday,0
1758,2015-04-24,45,1,0,2,1,2015,4,24,Friday,0
1759,2015-04-25,56,1,0,4,3,2015,4,25,Saturday,0
1760,2015-04-26,54,0,0,3,2,2015,4,26,Sunday,0
1761,2015-04-27,58,0,0,1,1,2015,4,27,Monday,0
1762,2015-04-28,57,0,0,1,0,2015,4,28,Tuesday,0
1763,2015-04-29,65,0,0,2,1,2015,4,29,Wednesday,1
1764,2015-04-30,61,1,0,2,1,2015,4,30,Thursday,0
1765,2015-05-01,56,0,0,1,0,2015,5,1,Friday,0
1766,2015-05-02,44,0,0,2,1,2015,5,2,Saturday,0
1767,2015-05-03,60,1,0,1,1,2015,5,3,Sunday,1
1768,2015-05-04,57,0,0,1,0,2015,5,4,Monday,1
1769,2015-05-05,49,0,0,0,0,2015,5,5,Tuesday,1
1770,2015-05-06,41,0,0,0,0,2015,5,6,Wednesday,1
1771,2015-05-07,41,0,0,0,0,2015,5,7,Thursday,0
1772,2015-05-08,28,0,0,0,0,2015,5,8,Friday,0
1773,2015-05-09,35,0,0,1,1,2015,5,9,Saturday,0
1774,2015-05-10,34,0,0,1,0,2015,5,10,Sunday,0
1775,2015-05-11,27,0,0,0,0,2015,5,11,Monday,0
1776,2015-05-12,34,0,0,0,0,2015,5,12,Tuesday,0
1777,2015-05-13,24,0,0,0,0,2015,5,13,Wednesday,0
1778,2015-05-14,28,0,0,0,0,2015,5,14,Thursday,0
1779,2015-05-15,41,0,0,0,0,2015,5,15,Friday,0
1780,2015-05-16,42,0,0,1,0,2015,5,16,Saturday,0
1781,2015-05-17,37,0,0,1,0,2015,5,17,Sunday,0
1782,2015-05-18,38,0,0,0,0,2015,5,18,Monday,0
1783,2015-05-19,30,0,0,0,0,2015,5,19,Tuesday,0
1784,2015-05-20,33,0,0,0,0,2015,5,20,Wednesday,0
1785,2015-05-21,31,0,0,0,0,2015,5,21,Thursday,0
1786,2015-05-22,46,0,0,1,0,2015,5,22,Friday,0
1787,2015-05-23,46,0,0,1,1,2015,5,23,Saturday,0
1788,2015-05-24,37,0,0,1,1,2015,5,24,Sunday,0
1789,2015-05-25,49,0,0,1,1,2015,5,25,Monday,0
1790,2015-05-26,44,0,0,0,0,2015,5,26,Tuesday,0
1791,2015-05-27,39,0,0,0,0,2015,5,27,Wednesday,0
1792,2015-05-28,52,0,0,1,0,2015,5,28,Thursday,0
1793,2015-05-29,58,0,0,1,1,2015,5,29,Friday,0
1794,2015-05-30,56,0,0,2,2,2015,5,30,Saturday,0
1795,2015-05-31,57,0,0,2,1,2015,5,31,Sunday,0
1796,2015-06-01,33,0,0,1,1,2015,6,1,Monday,0
1797,2015-06-02,31,0,0,0,0,2015,6,2,Tuesday,0
1798,2015-06-03,24,0,0,0,0,2015,6,3,Wednesday,0
1799,2015-06-04,32,0,0,0,0,2015,6,4,Thursday,0
1800,2015-06-05,25,0,0,1,0,2015,6,5,Friday,0
1801,2015-06-06,46,0,0,2,1,2015,6,6,Saturday,0
1802,2015-06-07,39,0,0,1,0,2015,6,7,Sunday,0
1803,2015-06-08,30,0,0,0,0,2015,6,8,Monday,0
1804,2015-06-09,24,0,0,0,0,2015,6,9,Tuesday,0
1805,2015-06-10,15,0,0,0,0,2015,6,10,Wednesday,0
1806,2015-06-11,32,0,0,0,0,2015,6,11,Thursday,0
1807,2015-06-12,28,0,0,0,0,2015,6,12,Friday,0
1808,2015-06-13,45,0,0,1,1,2015,6,13,Saturday,0
1809,2015-06-14,51,1,0,1,0,2015,6,14,Sunday,0
1810,2015-06-15,30,0,0,0,0,2015,6,15,Monday,0
1811,2015-06-16,27,0,0,0,0,2015,6,16,Tuesday,0
1812,2015-06-17,27,0,0,0,0,2015,6,17,Wednesday,0
1813,2015-06-18,21,0,0,0,0,2015,6,18,Thursday,0
1814,2015-06-19,37,0,0,0,0,2015,6,19,Friday,0
1815,2015-06-20,60,0,0,1,1,2015,6,20,Saturday,0
1816,2015-06-21,49,0,0,1,1,2015,6,21,Sunday,0
1817,2015-06-22,48,0,0,1,0,2015,6,22,Monday,0
1818,2015-06-23,47,0,0,0,0,2015,6,23,Tuesday,0
1819,2015-06-24,43,0,0,0,0,2015,6,24,Wednesday,0
1820,2015-06-25,53,0,0,1,0,2015,6,25,Thursday,0
1821,2015-06-26,52,0,0,1,1,2015,6,26,Friday,0
1822,2015-06-27,68,0,0,2,2,2015,6,27,Saturday,0
1823,2015-06-28,66,0,0,2,1,2015,6,28,Sunday,0
1824,2015-06-29,60,0,0,1,1,2015,6,29,Monday,0
1825,2015-06-30,64,0,0,1,1,2015,6,30,Tuesday,0
1826,2015-07-01,38,0,0,1,1,2015,7,1,Wednesday,0
1827,2015-07-02,31,0,0,0,0,2015,7,2,Thursday,0
1828,2015-07-03,34,0,0,1,0,2015,7,3,Friday,0
1829,2015-07-04,53,0,0,2,1,2015,7,4,Saturday,0
1830,2015-07-05,45,0,0,1,0,2015,7,5,Sunday,0
1831,2015-07-06,37,0,0,0,0,2015,7,6,Monday,0
1832,2015-07-07,24,0,0,0,0,2015,7,7,Tuesday,0
1833,2015-07-08,36,0,0,0,0,2015,7,8,Wednesday,0
1834,2015-07-09,30,0,0,0,0,2015,7,9,Thursday,0
1835,2015-07-10,36,0,0,1,0,2015,7,10,Friday,0
1836,2015-07-11,49,0,0,1,1,2015,7,11,Saturday,0
1837,2015-07-12,44,0,0,1,0,2015,7,12,Sunday,0
1838,2015-07-13,35,0,0,0,0,2015,7,13,Monday,0
1839,2015-07-14,38,0,0,0,0,2015,7,14,Tuesday,0
1840,2015-07-15,33,0,0,0,0,2015,7,15,Wednesday,0
1841,2015-07-16,27,0,0,0,0,2015,7,16,Thursday,0
1842,2015-07-17,46,0,0,1,0,2015,7,17,Friday,0
1843,2015-07-18,58,1,0,2,1,2015,7,18,Saturday,0
1844,2015-07-19,58,0,0,2,1,2015,7,19,Sunday,0
1845,2015-07-20,41,0,0,0,0,2015,7,20,Monday,1
1846,2015-07-21,35,0,0,1,0,2015,7,21,Tuesday,0
1847,2015-07-22,34,0,0,0,0,2015,7,22,Wednesday,0
1848,2015-07-23,36,0,0,0,0,2015,7,23,Thursday,0
1849,2015-07-24,33,0,0,1,1,2015,7,24,Friday,0
1850,2015-07-25,51,0,0,3,2,2015,7,25,Saturday,0
1851,2015-07-26,41,0,0,2,2,2015,7,26,Sunday,0
1852,2015-07-27,34,1,0,1,1,2015,7,27,Monday,0
1853,2015-07-28,39,1,0,1,0,2015,7,28,Tuesday,0
1854,2015-07-29,42,0,0,1,0,2015,7,29,Wednesday,0
1855,2015-07-30,50,1,0,1,1,2015,7,30,Thursday,0
1856,2015-07-31,58,0,0,2,1,2015,7,31,Friday,0
1857,2015-08-01,59,0,0,2,1,2015,8,1,Saturday,0
1858,2015-08-02,49,0,0,1,1,2015,8,2,Sunday,0
1859,2015-08-03,54,0,0,0,0,2015,8,3,Monday,0
1860,2015-08-04,44,0,0,0,0,2015,8,4,Tuesday,0
1861,2015-08-05,34,0,0,0,0,2015,8,5,Wednesday,0
1862,2015-08-06,21,0,0,0,0,2015,8,6,Thursday,0
1863,2015-08-07,30,0,0,0,0,2015,8,7,Friday,0
1864,2015-08-08,39,0,0,1,1,2015,8,8,Saturday,0
1865,2015-08-09,31,0,0,0,0,2015,8,9,Sunday,0
1866,2015-08-10,41,0,0,0,0,2015,8,10,Monday,0
1867,2015-08-11,41,0,0,0,0,2015,8,11,Tuesday,0
1868,2015-08-12,0,0,1,-1,-1,2015,8,12,Wednesday,0
1869,2015-08-13,41,0,0,0,0,2015,8,13,Thursday,0
1870,2015-08-14,44,0,0,0,0,2015,8,14,Friday,0
1871,2015-08-15,30,0,0,0,0,2015,8,15,Saturday,0
1872,2015-08-16,22,0,0,0,0,2015,8,16,Sunday,0
1873,2015-08-17,39,0,0,0,0,2015,8,17,Monday,0
1874,2015-08-18,29,0,0,0,0,2015,8,18,Tuesday,0
1875,2015-08-19,27,0,0,0,0,2015,8,19,Wednesday,0
1876,2015-08-20,43,0,0,0,0,2015,8,20,Thursday,0
1877,2015-08-21,41,0,0,0,0,2015,8,21,Friday,0
1878,2015-08-22,39,0,0,1,1,2015,8,22,Saturday,0
1879,2015-08-23,30,0,0,1,0,2015,8,23,Sunday,0
1880,2015-08-24,49,0,0,1,0,2015,8,24,Monday,0
1881,2015-08-25,39,0,0,0,0,2015,8,25,Tuesday,0
1882,2015-08-26,44,0,0,0,0,2015,8,26,Wednesday,0
1883,2015-08-27,57,0,0,0,0,2015,8,27,Thursday,0
1884,2015-08-28,60,0,0,1,0,2015,8,28,Friday,0
1885,2015-08-29,70,1,0,2,1,2015,8,29,Saturday,0
1886,2015-08-30,66,0,0,2,1,2015,8,30,Sunday,0
1887,2015-08-31,67,1,0,1,1,2015,8,31,Monday,0
1888,2015-09-01,34,1,0,1,1,2015,9,1,Tuesday,0
1889,2015-09-02,29,0,0,0,0,2015,9,2,Wednesday,0
1890,2015-09-03,41,0,0,0,0,2015,9,3,Thursday,0
1891,2015-09-04,31,0,0,1,0,2015,9,4,Friday,0
1892,2015-09-05,37,0,0,2,1,2015,9,5,Saturday,0
1893,2015-09-06,46,0,0,1,0,2015,9,6,Sunday,0
1894,2015-09-07,31,0,0,0,0,2015,9,7,Monday,0
1895,2015-09-08,16,0,0,0,0,2015,9,8,Tuesday,0
1896,2015-09-09,19,0,0,0,0,2015,9,9,Wednesday,0
1897,2015-09-10,25,0,0,0,0,2015,9,10,Thursday,0
1898,2015-09-11,26,0,0,0,0,2015,9,11,Friday,0
1899,2015-09-12,39,0,0,1,1,2015,9,12,Saturday,0
1900,2015-09-13,35,0,0,0,0,2015,9,13,Sunday,0
1901,2015-09-14,48,0,0,0,0,2015,9,14,Monday,0
1902,2015-09-15,48,0,0,0,0,2015,9,15,Tuesday,0
1903,2015-09-16,57,0,0,0,0,2015,9,16,Wednesday,0
1904,2015-09-17,31,0,0,0,0,2015,9,17,Thursday,0
1905,2015-09-18,45,0,0,0,0,2015,9,18,Friday,0
1906,2015-09-19,47,0,0,1,1,2015,9,19,Saturday,0
1907,2015-09-20,67,0,0,2,1,2015,9,20,Sunday,0
1908,2015-09-21,61,0,0,1,0,2015,9,21,Monday,1
1909,2015-09-22,51,0,0,1,1,2015,9,22,Tuesday,1
1910,2015-09-23,56,0,0,0,1,2015,9,23,Wednesday,1
1911,2015-09-24,45,1,0,0,0,2015,9,24,Thursday,0
1912,2015-09-25,54,1,0,1,1,2015,9,25,Friday,0
1913,2015-09-26,51,1,0,2,2,2015,9,26,Saturday,0
1914,2015-09-27,53,1,0,2,2,2015,9,27,Sunday,0
1915,2015-09-28,53,1,0,1,1,2015,9,28,Monday,0
1916,2015-09-29,56,1,0,1,0,2015,9,29,Tuesday,0
1917,2015-09-30,53,1,0,1,1,2015,9,30,Wednesday,0
1918,2015-10-01,48,1,0,1,0,2015,10,1,Thursday,0
1919,2015-10-02,54,1,0,0,0,2015,10,2,Friday,0
1920,2015-10-03,44,1,0,1,1,2015,10,3,Saturday,0
1921,2015-10-04,57,1,0,1,1,2015,10,4,Sunday,0
1922,2015-10-05,43,1,0,0,0,2015,10,5,Monday,0
1923,2015-10-06,31,1,0,0,0,2015,10,6,Tuesday,0
1924,2015-10-07,30,1,0,0,0,2015,10,7,Wednesday,0
1925,2015-10-08,38,1,0,0,0,2015,10,8,Thursday,0
1926,2015-10-09,43,1,0,1,0,2015,10,9,Friday,0
1927,2015-10-10,50,1,0,2,1,2015,10,10,Saturday,0
1928,2015-10-11,42,1,0,2,1,2015,10,11,Sunday,0
1929,2015-10-12,41,1,0,0,0,2015,10,12,Monday,1
1930,2015-10-13,33,1,0,0,0,2015,10,13,Tuesday,0
1931,2015-10-14,41,1,0,0,0,2015,10,14,Wednesday,0
1932,2015-10-15,42,1,0,0,0,2015,10,15,Thursday,0
1933,2015-10-16,37,1,0,0,0,2015,10,16,Friday,0
1934,2015-10-17,46,1,0,1,1,2015,10,17,Saturday,0
1935,2015-10-18,40,1,0,1,0,2015,10,18,Sunday,0
1936,2015-10-19,34,1,0,0,0,2015,10,19,Monday,0
1937,2015-10-20,29,1,0,0,0,2015,10,20,Tuesday,0
1938,2015-10-21,28,1,0,0,0,2015,10,21,Wednesday,0
1939,2015-10-22,42,1,0,0,0,2015,10,22,Thursday,0
1940,2015-10-23,32,1,0,1,0,2015,10,23,Friday,0
1941,2015-10-24,56,1,0,2,1,2015,10,24,Saturday,0
1942,2015-10-25,50,1,0,1,1,2015,10,25,Sunday,0
1943,2015-10-26,45,1,0,2,0,2015,10,26,Monday,0
1944,2015-10-27,35,1,0,1,1,2015,10,27,Tuesday,0
1945,2015-10-28,48,0,0,0,0,2015,10,28,Wednesday,0
1946,2015-10-29,52,1,0,1,1,2015,10,29,Thursday,0
1947,2015-10-30,53,1,0,1,1,2015,10,30,Friday,0
1948,2015-10-31,75,1,0,2,2,2015,10,31,Saturday,0
1949,2015-11-01,48,1,0,2,2,2015,11,1,Sunday,0
1950,2015-11-02,53,1,0,1,1,2015,11,2,Monday,0
1951,2015-11-03,32,0,0,1,0,2015,11,3,Tuesday,1
1952,2015-11-04,20,0,0,0,0,2015,11,4,Wednesday,0
1953,2015-11-05,25,0,0,0,0,2015,11,5,Thursday,0
1954,2015-11-06,22,1,0,0,0,2015,11,6,Friday,0
1955,2015-11-07,38,1,0,1,1,2015,11,7,Saturday,0
1956,2015-11-08,32,0,0,1,0,2015,11,8,Sunday,0
1957,2015-11-09,25,0,0,0,0,2015,11,9,Monday,0
1958,2015-11-10,21,0,0,0,0,2015,11,10,Tuesday,0
1959,2015-11-11,29,0,0,0,0,2015,11,11,Wednesday,0
1960,2015-11-12,23,1,0,0,0,2015,11,12,Thursday,0
1961,2015-11-13,37,0,0,1,0,2015,11,13,Friday,0
1962,2015-11-14,47,0,0,1,1,2015,11,14,Saturday,0
1963,2015-11-15,13,1,0,0,0,2015,11,15,Sunday,0
1964,2015-11-16,37,0,0,0,0,2015,11,16,Monday,0
1965,2015-11-17,20,0,0,0,0,2015,11,17,Tuesday,0
1966,2015-11-18,27,0,0,0,0,2015,11,18,Wednesday,0
1967,2015-11-19,34,0,0,0,0,2015,11,19,Thursday,0
1968,2015-11-20,42,1,0,0,0,2015,11,20,Friday,0
1969,2015-11-21,67,0,0,1,0,2015,11,21,Saturday,0
1970,2015-11-22,57,0,0,0,0,2015,11,22,Sunday,0
1971,2015-11-23,41,0,0,0,0,2015,11,23,Monday,1
1972,2015-11-24,37,0,0,0,0,2015,11,24,Tuesday,0
1973,2015-11-25,40,0,0,1,0,2015,11,25,Wednesday,0
1974,2015-11-26,32,0,0,0,0,2015,11,26,Thursday,0
1975,2015-11-27,44,0,0,1,0,2015,11,27,Friday,0
1976,2015-11-28,60,0,0,2,1,2015,11,28,Saturday,0
1977,2015-11-29,45,0,0,1,1,2015,11,29,Sunday,0
1978,2015-11-30,54,0,0,1,0,2015,11,30,Monday,0
1979,2015-12-01,41,1,0,1,1,2015,12,1,Tuesday,0
1980,2015-12-02,29,1,0,0,0,2015,12,2,Wednesday,0
1981,2015-12-03,25,1,0,0,0,2015,12,3,Thursday,0
1982,2015-12-04,33,1,0,0,0,2015,12,4,Friday,0
1983,2015-12-05,49,1,0,1,1,2015,12,5,Saturday,0
1984,2015-12-06,48,1,0,1,0,2015,12,6,Sunday,0
1985,2015-12-07,34,1,0,0,0,2015,12,7,Monday,0
1986,2015-12-08,29,1,0,0,0,2015,12,8,Tuesday,0
1987,2015-12-09,33,1,0,0,0,2015,12,9,Wednesday,0
1988,2015-12-10,39,1,0,0,0,2015,12,10,Thursday,0
1989,2015-12-11,47,1,0,0,0,2015,12,11,Friday,0
1990,2015-12-12,62,1,0,1,1,2015,12,12,Saturday,0
1991,2015-12-13,52,1,0,0,0,2015,12,13,Sunday,0
1992,2015-12-14,47,1,0,0,0,2015,12,14,Monday,0
1993,2015-12-15,43,1,0,0,0,2015,12,15,Tuesday,0
1994,2015-12-16,39,1,0,0,0,2015,12,16,Wednesday,0
1995,2015-12-17,37,1,0,0,0,2015,12,17,Thursday,0
1996,2015-12-18,54,1,0,1,0,2015,12,18,Friday,0
1997,2015-12-19,63,1,0,1,1,2015,12,19,Saturday,0
1998,2015-12-20,58,1,0,1,1,2015,12,20,Sunday,0
1999,2015-12-21,65,1,0,0,0,2015,12,21,Monday,0
2000,2015-12-22,61,1,0,0,0,2015,12,22,Tuesday,0
2001,2015-12-23,71,1,0,0,0,2015,12,23,Wednesday,1
2002,2015-12-24,49,1,0,0,0,2015,12,24,Thursday,0
2003,2015-12-25,50,1,0,1,1,2015,12,25,Friday,0
2004,2015-12-26,64,1,0,2,2,2015,12,26,Saturday,0
2005,2015-12-27,70,1,0,1,1,2015,12,27,Sunday,0
2006,2015-12-28,59,1,0,0,0,2015,12,28,Monday,0
2007,2015-12-29,37,1,0,1,0,2015,12,29,Tuesday,0
2008,2015-12-30,30,0,0,0,0,2015,12,30,Wednesday,0
2009,2015-12-31,0,0,1,-1,-1,2015,12,31,Thursday,0
2010,2016-01-01,0,0,1,-1,-1,2016,1,1,Friday,1
2011,2016-01-02,0,0,1,-1,-1,2016,1,2,Saturday,0
2012,2016-01-03,0,0,1,-1,-1,2016,1,3,Sunday,0
2013,2016-01-04,24,0,0,0,0,2016,1,4,Monday,0
2014,2016-01-05,17,0,0,0,0,2016,1,5,Tuesday,0
2015,2016-01-06,15,0,0,0,0,2016,1,6,Wednesday,0
2016,2016-01-07,22,1,0,0,0,2016,1,7,Thursday,0
2017,2016-01-08,34,0,0,0,0,2016,1,8,Friday,0
2018,2016-01-09,50,0,0,0,0,2016,1,9,Saturday,0
2019,2016-01-10,52,1,0,0,0,2016,1,10,Sunday,0
2020,2016-01-11,26,0,0,0,0,2016,1,11,Monday,1
2021,2016-01-12,32,0,0,0,0,2016,1,12,Tuesday,0
2022,2016-01-13,32,0,0,0,0,2016,1,13,Wednesday,0
2023,2016-01-14,22,0,0,0,0,2016,1,14,Thursday,0
2024,2016-01-15,34,1,0,0,0,2016,1,15,Friday,0
2025,2016-01-16,47,1,0,1,0,2016,1,16,Saturday,0
2026,2016-01-17,51,0,0,0,0,2016,1,17,Sunday,0
2027,2016-01-18,20,0,0,0,0,2016,1,18,Monday,0
2028,2016-01-19,24,0,0,0,0,2016,1,19,Tuesday,0
2029,2016-01-20,36,0,0,0,0,2016,1,20,Wednesday,0
2030,2016-01-21,31,1,0,0,0,2016,1,21,Thursday,0
2031,2016-01-22,43,0,0,0,0,2016,1,22,Friday,0
2032,2016-01-23,58,1,0,1,1,2016,1,23,Saturday,0
2033,2016-01-24,42,0,0,0,0,2016,1,24,Sunday,0
2034,2016-01-25,46,0,0,0,0,2016,1,25,Monday,0
2035,2016-01-26,42,1,0,0,0,2016,1,26,Tuesday,0
2036,2016-01-27,41,0,0,0,0,2016,1,27,Wednesday,0
2037,2016-01-28,53,1,0,0,0,2016,1,28,Thursday,0
2038,2016-01-29,68,1,0,0,0,2016,1,29,Friday,0
2039,2016-01-30,78,1,0,2,1,2016,1,30,Saturday,0
2040,2016-01-31,79,1,0,1,1,2016,1,31,Sunday,0
2041,2016-02-01,50,1,0,1,1,2016,2,1,Monday,0
2042,2016-02-02,31,1,0,0,0,2016,2,2,Tuesday,0
2043,2016-02-03,40,1,0,0,0,2016,2,3,Wednesday,0
2044,2016-02-04,29,1,0,0,0,2016,2,4,Thursday,0
2045,2016-02-05,39,1,0,0,0,2016,2,5,Friday,0
2046,2016-02-06,48,1,0,2,2,2016,2,6,Saturday,0
2047,2016-02-07,58,1,0,1,0,2016,2,7,Sunday,0
2048,2016-02-08,43,1,0,0,0,2016,2,8,Monday,0
2049,2016-02-09,31,0,0,0,0,2016,2,9,Tuesday,0
2050,2016-02-10,48,0,0,0,0,2016,2,10,Wednesday,0
2051,2016-02-11,42,1,0,1,0,2016,2,11,Thursday,1
2052,2016-02-12,55,0,0,1,0,2016,2,12,Friday,0
2053,2016-02-13,53,0,0,2,1,2016,2,13,Saturday,0
2054,2016-02-14,51,1,0,1,0,2016,2,14,Sunday,0
2055,2016-02-15,45,0,0,0,0,2016,2,15,Monday,0
2056,2016-02-16,33,0,0,0,0,2016,2,16,Tuesday,0
2057,2016-02-17,26,0,0,0,0,2016,2,17,Wednesday,0
2058,2016-02-18,47,0,0,0,0,2016,2,18,Thursday,0
2059,2016-02-19,37,0,0,1,1,2016,2,19,Friday,0
2060,2016-02-20,66,1,0,2,2,2016,2,20,Saturday,0
2061,2016-02-21,63,1,0,1,2,2016,2,21,Sunday,0
2062,2016-02-22,61,0,0,1,0,2016,2,22,Monday,0
2063,2016-02-23,63,0,0,1,0,2016,2,23,Tuesday,0
2064,2016-02-24,62,0,0,1,1,2016,2,24,Wednesday,0
2065,2016-02-25,63,1,0,1,0,2016,2,25,Thursday,0
2066,2016-02-26,71,0,0,2,1,2016,2,26,Friday,0
2067,2016-02-27,83,1,0,3,2,2016,2,27,Saturday,0
2068,2016-02-28,68,0,0,2,2,2016,2,28,Sunday,0
2069,2016-02-29,77,1,0,2,1,2016,2,29,Monday,0
2070,2016-03-01,63,1,0,2,1,2016,3,1,Tuesday,0
2071,2016-03-02,59,1,0,1,1,2016,3,2,Wednesday,0
2072,2016-03-03,53,1,0,0,0,2016,3,3,Thursday,0
2073,2016-03-04,62,1,0,1,0,2016,3,4,Friday,0
2074,2016-03-05,67,1,0,2,1,2016,3,5,Saturday,0
2075,2016-03-06,59,1,0,1,1,2016,3,6,Sunday,0
2076,2016-03-07,53,1,0,1,1,2016,3,7,Monday,0
2077,2016-03-08,46,0,0,1,0,2016,3,8,Tuesday,0
2078,2016-03-09,56,1,0,0,0,2016,3,9,Wednesday,0
2079,2016-03-10,60,1,0,0,0,2016,3,10,Thursday,0
2080,2016-03-11,66,0,0,1,0,2016,3,11,Friday,0
2081,2016-03-12,84,1,0,2,2,2016,3,12,Saturday,0
2082,2016-03-13,77,0,0,1,1,2016,3,13,Sunday,0
2083,2016-03-14,69,1,0,1,1,2016,3,14,Monday,0
2084,2016-03-15,81,0,0,2,1,2016,3,15,Tuesday,0
2085,2016-03-16,78,0,0,1,2,2016,3,16,Wednesday,0
2086,2016-03-17,87,0,0,2,3,2016,3,17,Thursday,0
2087,2016-03-18,102,0,0,2,3,2016,3,18,Friday,0
2088,2016-03-19,94,1,0,3,3,2016,3,19,Saturday,0
2089,2016-03-20,101,0,0,4,4,2016,3,20,Sunday,1
2090,2016-03-21,100,1,0,3,3,2016,3,21,Monday,1
2091,2016-03-22,96,0,0,4,4,2016,3,22,Tuesday,0
2092,2016-03-23,96,1,0,2,4,2016,3,23,Wednesday,0
2093,2016-03-24,94,1,0,3,2,2016,3,24,Thursday,0
2094,2016-03-25,90,1,0,4,5,2016,3,25,Friday,0
2095,2016-03-26,93,1,0,5,5,2016,3,26,Saturday,0
2096,2016-03-27,94,1,0,5,4,2016,3,27,Sunday,0
2097,2016-03-28,86,1,0,4,4,2016,3,28,Monday,0
2098,2016-03-29,98,1,0,4,4,2016,3,29,Tuesday,0
2099,2016-03-30,99,1,0,5,4,2016,3,30,Wednesday,0
2100,2016-03-31,105,1,0,5,4,2016,3,31,Thursday,0
